PYR_Rate Amount(UCx1_PAY_TL_Regular)	Rate Amount(UCx1_PAY_TL_Regular)	
PYR_Time Factor(UCx1_PAY_TL_Regular)	Time Factor(UCx1_PAY_TL_Regular)	
PYR_Payment Rate(UCx1_PAY_TL_Regular)	Payment Rate(UCx1_PAY_TL_Regular)	
PYR_Rate Amount(ZOTL_Shift_Premium1)	Rate Amount(ZOTL_Shift_Premium1)	
PYR_Time Factor(ZOTL_Shift_Premium1)	Time Factor(ZOTL_Shift_Premium1)	
PYR_Payment Rate(ZOTL_Shift_Premium1)	Payment Rate(ZOTL_Shift_Premium1)	
PYR_Rate Amount(ZOTL_Shift_Premium2)	Rate Amount(ZOTL_Shift_Premium2)	
PYR_Time Factor(ZOTL_Shift_Premium2)	Time Factor(ZOTL_Shift_Premium2)	
PYR_Payment Rate(ZOTL_Shift_Premium2)	Payment Rate(ZOTL_Shift_Premium2)	
PYR_Time Factor(ZOTL_Shift_Premium3)	Time Factor(ZOTL_Shift_Premium3)	
PYR_Payment Rate(ZOTL_Shift_Premium3)	Payment Rate(ZOTL_Shift_Premium3)	
PYR_Rate Amount(ZOTL_Holiday_Premium1)	Rate Amount(ZOTL_Holiday_Premium1)	
PYR_Time Factor(ZOTL_Holiday_Premium1)	Time Factor(ZOTL_Holiday_Premium1)	
PYR_Payment Rate(ZOTL_Holiday_Premium1)	Payment Rate(ZOTL_Holiday_Premium1)	
PYR_Time Unit	Time Unit	
PYR_Rate Amount(ZOTL_Weekend_Premium1)	Rate Amount(ZOTL_Weekend_Premium1)	
PYR_Time Factor(ZOTL_Weekend_Premium1)	Time Factor(ZOTL_Weekend_Premium1)	
PYR_Payment Rate(ZOTL_Weekend_Premium1)	Payment Rate(ZOTL_Weekend_Premium1)	
PYR_UOM	UOM	
PYR_Periodicity	Periodicity	
PYR_Rate Amount(ZOTL_Premium)	Rate Amount(ZOTL_Premium)	
PYR_Time Factor(ZOTL_Premium)	Time Factor(ZOTL_Premium)	
PYR_Payment Rate(ZOTL_Premium)	Payment Rate(ZOTL_Premium)	
PYR_Rate Amount(ZOTL_Regular)	Rate Amount(ZOTL_Regular)	
PYR_Time Factor(ZOTL_Regular)	Time Factor(ZOTL_Regular)	
PYR_Payment Rate(ZOTL_Regular)	Payment Rate(ZOTL_Regular)	
PYR_Rate Amount(ZOTL_UKShift)	Rate Amount(ZOTL_UKShift)	
PYR_Time Factor(ZOTL_UKShift)	Time Factor(ZOTL_UKShift)	
PYR_Payment Rate(ZOTL_UKShift)	Payment Rate(ZOTL_UKShift)	
PYR_Rate Amount(ZOTL_Overtime)	Rate Amount(ZOTL_Overtime)	
PYR_Time Factor(ZOTL_Overtime)	Time Factor(ZOTL_Overtime)	
PYR_Payment Rate(ZOTL_Overtime)	Payment Rate(ZOTL_Overtime)	
PYR_Rate Amount(ZOTL_Regular2)	Rate Amount(ZOTL_Regular2)	
PYR_Time Factor(ZOTL_Regular2)	Time Factor(ZOTL_Regular2)	
PYR_Payment Rate(ZOTL_Regular2)	Payment Rate(ZOTL_Regular2)	
PYR_Rate Amount(ZOTL_UKRegular)	Rate Amount(ZOTL_UKRegular)	
PYR_Time Factor(ZOTL_UKRegular)	Time Factor(ZOTL_UKRegular)	
PYR_Payment Rate(ZOTL_UKRegular)	Payment Rate(ZOTL_UKRegular)	
PYR_Rate Amount(ZOTL_Doubletime)	Rate Amount(ZOTL_Doubletime)	
PYR_Time Factor(ZOTL_Doubletime)	Time Factor(ZOTL_Doubletime)	
PYR_Payment Rate(ZOTL_Doubletime)	Payment Rate(ZOTL_Doubletime)	
PYR_Rate Amount(ZOTL_SB_Regular)	Rate Amount(ZOTL_SB_Regular)	
PYR_Time Factor(ZOTL_SB_Regular)	Time Factor(ZOTL_SB_Regular)	
PYR_Payment Rate(ZOTL_SB_Regular)	Payment Rate(ZOTL_SB_Regular)	
PYR_Rate Amount(ZOTL_UKOvertime)	Rate Amount(ZOTL_UKOvertime)	
PYR_Time Factor(ZOTL_UKOvertime)	Time Factor(ZOTL_UKOvertime)	
PYR_Payment Rate(ZOTL_UKOvertime)	Payment Rate(ZOTL_UKOvertime)	
PYR_Rate Amount(ZOTL_UKDoubleTime)	Rate Amount(ZOTL_UKDoubleTime)	
PYR_Time Factor(ZOTL_UKDoubleTime)	Time Factor(ZOTL_UKDoubleTime)	
PYR_Payment Rate(ZOTL_UKDoubleTime)	Payment Rate(ZOTL_UKDoubleTime)	
PYR_Rate Amount(BAT_PAY_TL_Regular)	Rate Amount(BAT_PAY_TL_Regular)	
PYR_Time Factor(BAT_PAY_TL_Regular)	Time Factor(BAT_PAY_TL_Regular)	
PYR_Payment Rate(BAT_PAY_TL_Regular)	Payment Rate(BAT_PAY_TL_Regular)	
PYR_Rate Amount(RRF_PAY_TL_Regular)	Rate Amount(RRF_PAY_TL_Regular)	
PYR_Time Factor(RRF_PAY_TL_Regular)	Time Factor(RRF_PAY_TL_Regular)	
PYR_Payment Rate(RRF_PAY_TL_Regular)	Payment Rate(RRF_PAY_TL_Regular)	
PYR_Rate Amount(UCx_PAY_TL_Regular)	Rate Amount(UCx_PAY_TL_Regular)	
PYR_Time Factor(UCx_PAY_TL_Regular)	Time Factor(UCx_PAY_TL_Regular)	
PYR_Payment Rate(UCx_PAY_TL_Regular)	Payment Rate(UCx_PAY_TL_Regular)	
BI_TEXT_CUSTOMATTRIBUTE	BI_Text_CustomAttribute	Varchar
BI_DATE_CUSTOMATTRIBUTE_01	BI_Date_CustomAttribute_01	Date
BI_NUMERIC_CUSTOMATTRIBUTE_03	BI_Numeric_CustomAttribute_03	Number
BI_NUMERIC_CUSTOMATTRIBUTE_01	BI_Numeric_CustomAttribute_01	Number
BI_TIMESTAMP_CUSTOMATTRIBUTE_01	BI_Timestamp_CustomAttribute_01	Timestamp
PYR_SJ_TL_Test_RATE_AMOUNT	SJ_TL_Test_RATE_AMOUNT	
PYR_SJ_TL_Test_TIME_FACTOR	SJ_TL_Test_TIME_FACTOR	
PYR_SJ_TL_Test_PAYMENT_RATE	SJ_TL_Test_PAYMENT_RATE	
PYR_WFM_FR_REGULAR_RATE_AMOUNT	WFM_FR_REGULAR_RATE_AMOUNT	
PYR_WFM_FR_REGULAR_TIME_FACTOR	WFM_FR_REGULAR_TIME_FACTOR	
PYR_WFM_FR_REGULAR_PAYMENT_RATE	WFM_FR_REGULAR_PAYMENT_RATE	
PYR_WFM_FR_OVERTIME_RATE_AMOUNT	WFM_FR_OVERTIME_RATE_AMOUNT	
PYR_WFM_FR_OVERTIME_TIME_FACTOR	WFM_FR_OVERTIME_TIME_FACTOR	
PYR_WFM_FR_OVERTIME_PAYMENT_RATE	WFM_FR_OVERTIME_PAYMENT_RATE	
PYR_ZPAY_BAT_TL_Proc_RATE_AMOUNT	ZPAY_BAT_TL_Proc_RATE_AMOUNT	
PYR_ZPAY_BAT_TL_Proc_TIME_FACTOR	ZPAY_BAT_TL_Proc_TIME_FACTOR	
PYR_ZPAY_BAT_TL_Proc_PAYMENT_RATE	ZPAY_BAT_TL_Proc_PAYMENT_RATE	
PYR_ZPAY_RRF_TL_Converted_City	ZPAY_RRF_TL_Converted_City	
PYR_ZPAY_RRF_TL_Converted_State	ZPAY_RRF_TL_Converted_State	
PYR_ZPAY_RRF_TL_Converted_County	ZPAY_RRF_TL_Converted_County	
PYR_ZPAY_RRF_TL_Converted_RATE_AMOUNT	ZPAY_RRF_TL_Converted_RATE_AMOUNT	
PYR_ZPAY_RRF_TL_Converted_TIME_FACTOR	ZPAY_RRF_TL_Converted_TIME_FACTOR	
PYR_ZPAY_RRF_TL_Converted_PAYMENT_RATE	ZPAY_RRF_TL_Converted_PAYMENT_RATE	
PYR_Appropriation	Appropriation	
PYR_Department	Department	
PYR_Fund	Fund	
PYR_Funding Source	Funding Source	
PYR_Grant	Grant	
PYR_Object	Object	
PYR_Organization	Organization	
PYR_Program	Program	
PYR_Project	Project	
ZOTL_CANCEL_MEAL	ZOTL Cancel Meal	Varchar
GD_Time Unit_NUMB	Time Unit	Number
PYR_Nvn_OTL_Regular_City	Nvn_OTL_Regular_City	
GD_City_NUMB	City	Number
PYR_Nvn_OTL_Regular_State	Nvn_OTL_Regular_State	
GD_State_NUMB	State	Number
PYR_Nvn_OTL_Regular_County	Nvn_OTL_Regular_County	
GD_County_NUMB	County	Number
PYR_Nvn_OTL_Regular_RATE_AMOUNT	Nvn_OTL_Regular_RATE_AMOUNT	
GD_RATE_AMOUNT_NUMB	RATE_AMOUNT	Number
PYR_Nvn_OTL_Regular_TIME_FACTOR	Nvn_OTL_Regular_TIME_FACTOR	
GD_TIME_FACTOR_NUMB	TIME_FACTOR	Number
PYR_Nvn_OTL_Regular_PAYMENT_RATE	Nvn_OTL_Regular_PAYMENT_RATE	
GD_PAYMENT_RATE_NUMB	PAYMENT_RATE	Number
PYR_ZPAY_BAT_TL_ELE_City	ZPAY_BAT_TL_ELE_City	
PYR_ZPAY_BAT_TL_ELE_State	ZPAY_BAT_TL_ELE_State	
PYR_ZPAY_BAT_TL_ELE_County	ZPAY_BAT_TL_ELE_County	
PYR_ZPAY_BAT_TL_ELE_RATE_AMOUNT	ZPAY_BAT_TL_ELE_RATE_AMOUNT	
PYR_ZPAY_BAT_TL_ELE_TIME_FACTOR	ZPAY_BAT_TL_ELE_TIME_FACTOR	
PYR_ZPAY_BAT_TL_ELE_PAYMENT_RATE	ZPAY_BAT_TL_ELE_PAYMENT_RATE	
PYR_BI_OTL_Regular_1_City	BI_OTL_Regular_1_City	
PYR_BI_OTL_Regular_1_State	BI_OTL_Regular_1_State	
PYR_BI_OTL_Regular_1_County	BI_OTL_Regular_1_County	
PYR_BI_OTL_Regular_1_RATE_AMOUNT	BI_OTL_Regular_1_RATE_AMOUNT	
PYR_BI_OTL_Regular_1_TIME_FACTOR	BI_OTL_Regular_1_TIME_FACTOR	
PYR_BI_OTL_Regular_1_PAYMENT_RATE	BI_OTL_Regular_1_PAYMENT_RATE	
PYR_Nvn_OTL_Overtime_City	Nvn_OTL_Overtime_City	
PYR_Nvn_OTL_Overtime_State	Nvn_OTL_Overtime_State	
PYR_Nvn_OTL_Overtime_County	Nvn_OTL_Overtime_County	
PYR_Nvn_OTL_Overtime_RATE_AMOUNT	Nvn_OTL_Overtime_RATE_AMOUNT	
PYR_Nvn_OTL_Overtime_TIME_FACTOR	Nvn_OTL_Overtime_TIME_FACTOR	
PYR_Nvn_OTL_Overtime_PAYMENT_RATE	Nvn_OTL_Overtime_PAYMENT_RATE	
PYR_BI_OTL_OverTime_1_City	BI_OTL_OverTime_1_City	
PYR_BI_OTL_OverTime_1_State	BI_OTL_OverTime_1_State	
PYR_BI_OTL_OverTime_1_County	BI_OTL_OverTime_1_County	
PYR_BI_OTL_OverTime_1_RATE_AMOUNT	BI_OTL_OverTime_1_RATE_AMOUNT	
PYR_BI_OTL_OverTime_1_TIME_FACTOR	BI_OTL_OverTime_1_TIME_FACTOR	
PYR_BI_OTL_OverTime_1_PAYMENT_RATE	BI_OTL_OverTime_1_PAYMENT_RATE	
GD_UOM_CHAR	UOM	Varchar
GD_Periodicity_CHAR	Periodicity	Varchar
PYR_City Code	City Code	
PYR_County Code	County Code	
PYR_School District Code	School District Code	
PYR_Segment 1	Segment 1	
PYR_Segment 10	Segment 10	
PYR_Segment 11	Segment 11	
PYR_Segment 12	Segment 12	
PYR_Segment 2	Segment 2	
PYR_Segment 3	Segment 3	
PYR_State Code	State Code	
BI_DATE_CUSTOMATTRIBUTE	BI_Date_CustomAttribute	Date
BI_TIMESTAMP_CUSTOMATTRIBUTE	BI_TimeStamp_CustomAttribute	Timestamp
BI_TEXT_CUSTOMATTRIBUTE_01	BI_Text_CustomAttribute_01	Varchar
BI_DATE_CUSTOMATTRIBUTE_03	BI_Date_CustomAttribute_03	Date
ZOTL_CUSTOMER	ZOTL Customer	Varchar
PYR_WFM_UK_OVERTIME_RATE_AMOUNT	WFM_UK_OVERTIME_RATE_AMOUNT	
PYR_WFM_UK_OVERTIME_TIME_FACTOR	WFM_UK_OVERTIME_TIME_FACTOR	
PYR_WFM_UK_OVERTIME_PAYMENT_RATE	WFM_UK_OVERTIME_PAYMENT_RATE	
PYR_ZCMP US STD Salary Hourly_City	ZCMP US STD Salary Hourly_City	
PYR_ZCMP US STD Salary Hourly_State	ZCMP US STD Salary Hourly_State	
PYR_ZCMP US STD Salary Hourly_Units	ZCMP US STD Salary Hourly_Units	
GD_Units_NUMB	Units	Number
PYR_ZCMP US STD Salary Hourly_County	ZCMP US STD Salary Hourly_County	
PYR_ZCMP US STD Salary Hourly_RATE_AMOUNT	ZCMP US STD Salary Hourly_RATE_AMOUNT	
PYR_ZCMP US STD Salary Hourly_TIME_FACTOR	ZCMP US STD Salary Hourly_TIME_FACTOR	
PYR_ZCMP US STD Salary Hourly_PAYMENT_RATE	ZCMP US STD Salary Hourly_PAYMENT_RATE	
PYR_ZCMP US STD Salary Hourly UxR_City	ZCMP US STD Salary Hourly UxR_City	
PYR_ZCMP US STD Salary Hourly UxR_State	ZCMP US STD Salary Hourly UxR_State	
PYR_ZCMP US STD Salary Hourly UxR_Units	ZCMP US STD Salary Hourly UxR_Units	
PYR_ZCMP US STD Salary Hourly UxR_County	ZCMP US STD Salary Hourly UxR_County	
PYR_ZCMP US STD Salary Hourly UxR_RATE_AMOUNT	ZCMP US STD Salary Hourly UxR_RATE_AMOUNT	
PYR_ZCMP US STD Salary Hourly UxR_TIME_FACTOR	ZCMP US STD Salary Hourly UxR_TIME_FACTOR	
PYR_ZCMP US STD Salary Hourly UxR_PAYMENT_RATE	ZCMP US STD Salary Hourly UxR_PAYMENT_RATE	
BAT_CUSTOMER_TIMEATTRIBUTE	BAT_Customer_TimeAttribute	Varchar
PYR_CRFL_Regular_City	CRFL_Regular_City	
PYR_CRFL_Regular_State	CRFL_Regular_State	
PYR_CRFL_Regular_County	CRFL_Regular_County	
PYR_CRFL_Regular_RATE_AMOUNT	CRFL_Regular_RATE_AMOUNT	
PYR_CRFL_Regular_TIME_FACTOR	CRFL_Regular_TIME_FACTOR	
PYR_CRFL_Regular_PAYMENT_RATE	CRFL_Regular_PAYMENT_RATE	
PYR_CRFL_Overtime_City	CRFL_Overtime_City	
PYR_CRFL_Overtime_State	CRFL_Overtime_State	
PYR_CRFL_Overtime_County	CRFL_Overtime_County	
PYR_CRFL_Overtime_RATE_AMOUNT	CRFL_Overtime_RATE_AMOUNT	
PYR_CRFL_Overtime_TIME_FACTOR	CRFL_Overtime_TIME_FACTOR	
PYR_CRFL_Overtime_PAYMENT_RATE	CRFL_Overtime_PAYMENT_RATE	
PYR_RRF_PAY_TL_Overtime_City	RRF_PAY_TL_Overtime_City	
PYR_RRF_PAY_TL_Overtime_State	RRF_PAY_TL_Overtime_State	
PYR_RRF_PAY_TL_Overtime_County	RRF_PAY_TL_Overtime_County	
PYR_RRF_PAY_TL_Overtime_RATE_AMOUNT	RRF_PAY_TL_Overtime_RATE_AMOUNT	
PYR_RRF_PAY_TL_Overtime_TIME_FACTOR	RRF_PAY_TL_Overtime_TIME_FACTOR	
PYR_RRF_PAY_TL_Overtime_PAYMENT_RATE	RRF_PAY_TL_Overtime_PAYMENT_RATE	
PYR_ZOTL_PAYABS_Regular_City	ZOTL_PAYABS_Regular_City	
PYR_ZOTL_PAYABS_Regular_State	ZOTL_PAYABS_Regular_State	
PYR_ZOTL_PAYABS_Regular_County	ZOTL_PAYABS_Regular_County	
PYR_ZOTL_PAYABS_Regular_RATE_AMOUNT	ZOTL_PAYABS_Regular_RATE_AMOUNT	
PYR_ZOTL_PAYABS_Regular_TIME_FACTOR	ZOTL_PAYABS_Regular_TIME_FACTOR	
PYR_ZOTL_PAYABS_Regular_PAYMENT_RATE	ZOTL_PAYABS_Regular_PAYMENT_RATE	
PYR_WFM_FR_MONTHLY_SALARY_RATE_AMOUNT	WFM_FR_MONTHLY_SALARY_RATE_AMOUNT	
PYR_WFM_FR_MONTHLY_SALARY_TIME_FACTOR	WFM_FR_MONTHLY_SALARY_TIME_FACTOR	
PYR_WFM_FR_MONTHLY_SALARY_PAYMENT_RATE	WFM_FR_MONTHLY_SALARY_PAYMENT_RATE	
PYR_WFM_PAY_REGULAR_US_City	WFM_PAY_REGULAR_US_City	
PYR_WFM_PAY_REGULAR_US_State	WFM_PAY_REGULAR_US_State	
PYR_WFM_PAY_REGULAR_US_County	WFM_PAY_REGULAR_US_County	
PYR_WFM_PAY_REGULAR_US_RATE_AMOUNT	WFM_PAY_REGULAR_US_RATE_AMOUNT	
PYR_WFM_PAY_REGULAR_US_TIME_FACTOR	WFM_PAY_REGULAR_US_TIME_FACTOR	
PYR_WFM_PAY_REGULAR_US_PAYMENT_RATE	WFM_PAY_REGULAR_US_PAYMENT_RATE	
BI_NUMERIC_CUSTOMATTRIBUTE	BI_Numeric_CustomAttribute	Number
PYR_WFM_PAY_OVERTIME_US_City	WFM_PAY_OVERTIME_US_City	
PYR_WFM_PAY_OVERTIME_US_State	WFM_PAY_OVERTIME_US_State	
PYR_WFM_PAY_OVERTIME_US_County	WFM_PAY_OVERTIME_US_County	
PYR_WFM_PAY_OVERTIME_US_RATE_AMOUNT	WFM_PAY_OVERTIME_US_RATE_AMOUNT	
PYR_WFM_PAY_OVERTIME_US_TIME_FACTOR	WFM_PAY_OVERTIME_US_TIME_FACTOR	
PYR_WFM_PAY_OVERTIME_US_PAYMENT_RATE	WFM_PAY_OVERTIME_US_PAYMENT_RATE	
PYR_WFM_PAY_EVEN_PREM_US_City	WFM_PAY_EVEN_PREM_US_City	
PYR_WFM_PAY_EVEN_PREM_US_State	WFM_PAY_EVEN_PREM_US_State	
PYR_WFM_PAY_EVEN_PREM_US_County	WFM_PAY_EVEN_PREM_US_County	
PYR_WFM_PAY_EVEN_PREM_US_RATE_AMOUNT	WFM_PAY_EVEN_PREM_US_RATE_AMOUNT	
PYR_WFM_PAY_EVEN_PREM_US_TIME_FACTOR	WFM_PAY_EVEN_PREM_US_TIME_FACTOR	
PYR_WFM_PAY_EVEN_PREM_US_PAYMENT_RATE	WFM_PAY_EVEN_PREM_US_PAYMENT_RATE	
PYR_WFM_PAY_DOUBLETIME_US_City	WFM_PAY_DOUBLETIME_US_City	
PYR_WFM_PAY_DOUBLETIME_US_State	WFM_PAY_DOUBLETIME_US_State	
PYR_WFM_PAY_DOUBLETIME_US_County	WFM_PAY_DOUBLETIME_US_County	
PYR_WFM_PAY_DOUBLETIME_US_RATE_AMOUNT	WFM_PAY_DOUBLETIME_US_RATE_AMOUNT	
PYR_WFM_PAY_DOUBLETIME_US_TIME_FACTOR	WFM_PAY_DOUBLETIME_US_TIME_FACTOR	
PYR_WFM_PAY_DOUBLETIME_US_PAYMENT_RATE	WFM_PAY_DOUBLETIME_US_PAYMENT_RATE	
PYR_WFM_PAY_NIGHT_PREM_US_City	WFM_PAY_NIGHT_PREM_US_City	
PYR_WFM_PAY_NIGHT_PREM_US_State	WFM_PAY_NIGHT_PREM_US_State	
PYR_WFM_PAY_NIGHT_PREM_US_County	WFM_PAY_NIGHT_PREM_US_County	
PYR_WFM_PAY_NIGHT_PREM_US_RATE_AMOUNT	WFM_PAY_NIGHT_PREM_US_RATE_AMOUNT	
PYR_WFM_PAY_NIGHT_PREM_US_TIME_FACTOR	WFM_PAY_NIGHT_PREM_US_TIME_FACTOR	
PYR_WFM_PAY_NIGHT_PREM_US_PAYMENT_RATE	WFM_PAY_NIGHT_PREM_US_PAYMENT_RATE	
PYR_WFM_PAY_WEEKEND_PREM_US_City	WFM_PAY_WEEKEND_PREM_US_City	
PYR_WFM_PAY_WEEKEND_PREM_US_State	WFM_PAY_WEEKEND_PREM_US_State	
PYR_WFM_PAY_WEEKEND_PREM_US_County	WFM_PAY_WEEKEND_PREM_US_County	
PYR_WFM_PAY_WEEKEND_PREM_US_RATE_AMOUNT	WFM_PAY_WEEKEND_PREM_US_RATE_AMOUNT	
PYR_WFM_PAY_WEEKEND_PREM_US_TIME_FACTOR	WFM_PAY_WEEKEND_PREM_US_TIME_FACTOR	
PYR_WFM_PAY_WEEKEND_PREM_US_PAYMENT_RATE	WFM_PAY_WEEKEND_PREM_US_PAYMENT_RATE	
PYR_eeee_RATE_AMOUNT	eeee_RATE_AMOUNT	
PYR_eeee_TIME_FACTOR	eeee_TIME_FACTOR	
PYR_eeee_PAYMENT_RATE	eeee_PAYMENT_RATE	
PYR_ZPAY_P1_Ret_TL_RATE_AMOUNT	ZPAY_P1_Ret_TL_RATE_AMOUNT	
PYR_ZPAY_P1_Ret_TL_TIME_FACTOR	ZPAY_P1_Ret_TL_TIME_FACTOR	
PYR_ZPAY_P1_Ret_TL_PAYMENT_RATE	ZPAY_P1_Ret_TL_PAYMENT_RATE	
PYR_ZPAY_P1_TL_Proc_RATE_AMOUNT	ZPAY_P1_TL_Proc_RATE_AMOUNT	
PYR_ZPAY_P1_TL_Proc_TIME_FACTOR	ZPAY_P1_TL_Proc_TIME_FACTOR	
PYR_ZPAY_P1_TL_Proc_ELEMENT_RATE	ZPAY_P1_TL_Proc_ELEMENT_RATE	
GD_ELEMENT_RATE_NUMB	ELEMENT_RATE	Number
PYR_ZPAY_P1_TL_Proc_PAYMENT_RATE	ZPAY_P1_TL_Proc_PAYMENT_RATE	
PYR_ZOTL_Overtime_NR_City	ZOTL_Overtime_NR_City	
PYR_ZOTL_Overtime_NR_State	ZOTL_Overtime_NR_State	
PYR_ZOTL_Overtime_NR_County	ZOTL_Overtime_NR_County	
PYR_ZOTL_Overtime_NR_RATE_AMOUNT	ZOTL_Overtime_NR_RATE_AMOUNT	
PYR_ZOTL_Overtime_NR_TIME_FACTOR	ZOTL_Overtime_NR_TIME_FACTOR	
PYR_ZOTL_Overtime_NR_PAYMENT_RATE	ZOTL_Overtime_NR_PAYMENT_RATE	
PYR_ZOTL_Doubletime_NR_City	ZOTL_Doubletime_NR_City	
PYR_ZOTL_Doubletime_NR_State	ZOTL_Doubletime_NR_State	
PYR_ZOTL_Doubletime_NR_County	ZOTL_Doubletime_NR_County	
PYR_ZOTL_Doubletime_NR_RATE_AMOUNT	ZOTL_Doubletime_NR_RATE_AMOUNT	
PYR_ZOTL_Doubletime_NR_TIME_FACTOR	ZOTL_Doubletime_NR_TIME_FACTOR	
PYR_ZOTL_Doubletime_NR_PAYMENT_RATE	ZOTL_Doubletime_NR_PAYMENT_RATE	
PYR_Shift TL_City	Shift TL_City	
PYR_Shift TL_State	Shift TL_State	
PYR_Shift TL_County	Shift TL_County	
PYR_Shift TL_TIME_FACTOR	Shift TL_TIME_FACTOR	
PYR_Shift TL_PAYMENT_RATE	Shift TL_PAYMENT_RATE	
PYR_Regular TL_City	Regular TL_City	
PYR_Regular TL_State	Regular TL_State	
PYR_Regular TL_County	Regular TL_County	
PYR_Regular TL_RATE_AMOUNT	Regular TL_RATE_AMOUNT	
PYR_Regular TL_TIME_FACTOR	Regular TL_TIME_FACTOR	
PYR_Regular TL_PAYMENT_RATE	Regular TL_PAYMENT_RATE	
PYR_Overtime TL_City	Overtime TL_City	
PYR_Overtime TL_State	Overtime TL_State	
PYR_Overtime TL_County	Overtime TL_County	
PYR_Overtime TL_RATE_AMOUNT	Overtime TL_RATE_AMOUNT	
PYR_Overtime TL_TIME_FACTOR	Overtime TL_TIME_FACTOR	
PYR_Overtime TL_PAYMENT_RATE	Overtime TL_PAYMENT_RATE	
PYR_Doubletime TL_City	Doubletime TL_City	
PYR_TL_New_RRF_RATE_AMOUNT	TL_New_RRF_RATE_AMOUNT	
PYR_TL_New_RRF_TIME_FACTOR	TL_New_RRF_TIME_FACTOR	
PYR_TL_New_RRF_PAYMENT_RATE	TL_New_RRF_PAYMENT_RATE	
GD_Rate Amount_NUMB	Rate Amount	Number
GD_Time Factor_NUMB	Time Factor	Number
GD_Payment Rate_NUMB	Payment Rate	Number
PYR_WFM_UK_REGULAR_RATE_AMOUNT	WFM_UK_REGULAR_RATE_AMOUNT	
PYR_WFM_UK_REGULAR_TIME_FACTOR	WFM_UK_REGULAR_TIME_FACTOR	
PYR_WFM_UK_REGULAR_PAYMENT_RATE	WFM_UK_REGULAR_PAYMENT_RATE	
PYR_ZOTL_Regular_NR_City	ZOTL_Regular_NR_City	
PYR_ZOTL_Regular_NR_State	ZOTL_Regular_NR_State	
PYR_ZOTL_Regular_NR_County	ZOTL_Regular_NR_County	
PYR_ZOTL_Regular_NR_RATE_AMOUNT	ZOTL_Regular_NR_RATE_AMOUNT	
PYR_ZOTL_Regular_NR_TIME_FACTOR	ZOTL_Regular_NR_TIME_FACTOR	
PYR_ZOTL_Regular_NR_PAYMENT_RATE	ZOTL_Regular_NR_PAYMENT_RATE	
PYR_ZOTL_PAY_Regular_City	ZOTL_PAY_Regular_City	
PYR_ZOTL_PAY_Regular_State	ZOTL_PAY_Regular_State	
PYR_ZOTL_PAY_Regular_County	ZOTL_PAY_Regular_County	
PYR_ZOTL_PAY_Regular_RATE_AMOUNT	ZOTL_PAY_Regular_RATE_AMOUNT	
PYR_ZOTL_PAY_Regular_TIME_FACTOR	ZOTL_PAY_Regular_TIME_FACTOR	
PYR_ZOTL_PAY_Regular_PAYMENT_RATE	ZOTL_PAY_Regular_PAYMENT_RATE	
PYR_ZOTL_PAY_Overtime_City	ZOTL_PAY_Overtime_City	
PYR_ZOTL_PAY_Overtime_State	ZOTL_PAY_Overtime_State	
PYR_ZOTL_PAY_Overtime_County	ZOTL_PAY_Overtime_County	
PYR_ZOTL_PAY_Overtime_RATE_AMOUNT	ZOTL_PAY_Overtime_RATE_AMOUNT	
PYR_ZOTL_PAY_Overtime_TIME_FACTOR	ZOTL_PAY_Overtime_TIME_FACTOR	
PYR_ZOTL_PAY_Overtime_PAYMENT_RATE	ZOTL_PAY_Overtime_PAYMENT_RATE	
PYR_ZOTL_PAY_Premium1_City	ZOTL_PAY_Premium1_City	
PYR_ZOTL_PAY_Premium1_State	ZOTL_PAY_Premium1_State	
PYR_ZOTL_PAY_Premium1_County	ZOTL_PAY_Premium1_County	
PYR_ZOTL_PAY_Premium1_RATE_AMOUNT	ZOTL_PAY_Premium1_RATE_AMOUNT	
PYR_ZOTL_PAY_Premium1_TIME_FACTOR	ZOTL_PAY_Premium1_TIME_FACTOR	
PYR_ZOTL_PAY_Premium1_PAYMENT_RATE	ZOTL_PAY_Premium1_PAYMENT_RATE	
WFM_TIPS_AMOUNT	WFM Tips Amount	Number
PYR_ZOTL_PAY_Premium2_City	ZOTL_PAY_Premium2_City	
PYR_ZOTL_PAY_Premium2_State	ZOTL_PAY_Premium2_State	
PYR_ZOTL_PAY_Premium2_County	ZOTL_PAY_Premium2_County	
PYR_ZOTL_PAY_Premium2_RATE_AMOUNT	ZOTL_PAY_Premium2_RATE_AMOUNT	
PYR_ZOTL_PAY_Premium2_TIME_FACTOR	ZOTL_PAY_Premium2_TIME_FACTOR	
PYR_ZOTL_PAY_Premium2_PAYMENT_RATE	ZOTL_PAY_Premium2_PAYMENT_RATE	
PYR_ZPAY_BAT_Time_Hour_RATE_AMOUNT	ZPAY_BAT_Time_Hour_RATE_AMOUNT	
PYR_ZPAY_BAT_Time_Hour_TIME_FACTOR	ZPAY_BAT_Time_Hour_TIME_FACTOR	
PYR_ZPAY_BAT_Time_Hour_PAYMENT_RATE	ZPAY_BAT_Time_Hour_PAYMENT_RATE	
PYR_ZOTL_PAY_Doubletime_City	ZOTL_PAY_Doubletime_City	
PYR_ZOTL_PAY_Doubletime_State	ZOTL_PAY_Doubletime_State	
PYR_ZOTL_PAY_Doubletime_County	ZOTL_PAY_Doubletime_County	
PYR_ZOTL_PAY_Doubletime_RATE_AMOUNT	ZOTL_PAY_Doubletime_RATE_AMOUNT	
PYR_ZOTL_PAY_Doubletime_TIME_FACTOR	ZOTL_PAY_Doubletime_TIME_FACTOR	
PYR_ZOTL_PAY_Doubletime_PAYMENT_RATE	ZOTL_PAY_Doubletime_PAYMENT_RATE	
PYR_ZOTL_PAY_UC17_Overtime_City	ZOTL_PAY_UC17_Overtime_City	
PYR_ZOTL_PAY_UC17_Overtime_State	ZOTL_PAY_UC17_Overtime_State	
PYR_ZOTL_PAY_UC17_Overtime_County	ZOTL_PAY_UC17_Overtime_County	
PYR_ZOTL_PAY_UC17_Overtime_RATE_AMOUNT	ZOTL_PAY_UC17_Overtime_RATE_AMOUNT	
PYR_ZOTL_PAY_UC17_Overtime_TIME_FACTOR	ZOTL_PAY_UC17_Overtime_TIME_FACTOR	
PYR_ZOTL_PAY_UC17_Overtime_PAYMENT_RATE	ZOTL_PAY_UC17_Overtime_PAYMENT_RATE	
PYR_Time_P1_NR_UR_City	Time_P1_NR_UR_City	
PYR_Time_P1_NR_UR_State	Time_P1_NR_UR_State	
PYR_Time_P1_NR_UR_County	Time_P1_NR_UR_County	
PYR_Time_P1_NR_UR_RATE_AMOUNT	Time_P1_NR_UR_RATE_AMOUNT	
PYR_Time_P1_NR_UR_TIME_FACTOR	Time_P1_NR_UR_TIME_FACTOR	
PYR_Time_P1_NR_UR_PAYMENT_RATE	Time_P1_NR_UR_PAYMENT_RATE	
PYR_Payroll_Account	Payroll_Account	
PYR_Payroll_Company	Payroll_Company	
PYR_Payroll_Department	Payroll_Department	
PYR_Payroll_Product	Payroll_Product	
PYR_Payroll_Sub-Account	Payroll_Sub-Account	
PYR_Doubletime TL_State	Doubletime TL_State	
PYR_Doubletime TL_County	Doubletime TL_County	
PYR_Doubletime TL_RATE_AMOUNT	Doubletime TL_RATE_AMOUNT	
PYR_Doubletime TL_TIME_FACTOR	Doubletime TL_TIME_FACTOR	
PYR_Doubletime TL_PAYMENT_RATE	Doubletime TL_PAYMENT_RATE	
PYR_Holiday Premium_City	Holiday Premium_City	
PYR_Holiday Premium_State	Holiday Premium_State	
PYR_Holiday Premium_County	Holiday Premium_County	
PYR_Holiday Premium_RATE_AMOUNT	Holiday Premium_RATE_AMOUNT	
PYR_Holiday Premium_TIME_FACTOR	Holiday Premium_TIME_FACTOR	
PYR_Holiday Premium_PAYMENT_RATE	Holiday Premium_PAYMENT_RATE	
PYR_SS_Reg_Rate_CDRM_Units	SS_Reg_Rate_CDRM_Units	
PYR_SS_Reg_Rate_CDRM_RATE_AMOUNT	SS_Reg_Rate_CDRM_RATE_AMOUNT	
PYR_SS_Reg_Rate_CDRM_TIME_FACTOR	SS_Reg_Rate_CDRM_TIME_FACTOR	
PYR_SS_Reg_Rate_CDRM_PAYMENT_RATE	SS_Reg_Rate_CDRM_PAYMENT_RATE	
PYR_SS_TL_Earning_CDRM_RATE_AMOUNT	SS_TL_Earning_CDRM_RATE_AMOUNT	
PYR_SS_TL_Earning_CDRM_TIME_FACTOR	SS_TL_Earning_CDRM_TIME_FACTOR	
PYR_SS_TL_Earning_CDRM_PAYMENT_RATE	SS_TL_Earning_CDRM_PAYMENT_RATE	
PYR_SS_Reg_TL_Earn_CDRM_12thDec_City	SS_Reg_TL_Earn_CDRM_12thDec_City	
PYR_SS_Reg_TL_Earn_CDRM_12thDec_State	SS_Reg_TL_Earn_CDRM_12thDec_State	
PYR_SS_Reg_TL_Earn_CDRM_12thDec_County	SS_Reg_TL_Earn_CDRM_12thDec_County	
PYR_SS_Reg_TL_Earn_CDRM_12thDec_RATE_AMOUNT	SS_Reg_TL_Earn_CDRM_12thDec_RATE_AMOUNT	
PYR_SS_Reg_TL_Earn_CDRM_12thDec_TIME_FACTOR	SS_Reg_TL_Earn_CDRM_12thDec_TIME_FACTOR	
PYR_SS_Reg_TL_Earn_CDRM_12thDec_PAYMENT_RATE	SS_Reg_TL_Earn_CDRM_12thDec_PAYMENT_RATE	
PYR_NB_ZHRX_OTL_CDRM_PAYMENT_RATE	NB_ZHRX_OTL_CDRM_PAYMENT_RATE	
PYR_NB_ZHRX_OTL_CDRM_TIME_FACTOR	NB_ZHRX_OTL_CDRM_TIME_FACTOR	
PYR_NB_ZHRX_OTL_CDRM_RATE_AMOUNT	NB_ZHRX_OTL_CDRM_RATE_AMOUNT	
PYR_NB_ZHRX_OTL_CDRM_County	NB_ZHRX_OTL_CDRM_County	
PYR_NB_ZHRX_OTL_CDRM_State	NB_ZHRX_OTL_CDRM_State	
PYR_NB_ZHRX_OTL_CDRM_City	NB_ZHRX_OTL_CDRM_City	
PYR_USBT_PREMIUM_OTL_RATE_AMOUNT	USBT_PREMIUM_OTL_RATE_AMOUNT	
PYR_USBT_PREMIUM_OTL_County	USBT_PREMIUM_OTL_County	
PYR_USBT_PREMIUM_OTL_State	USBT_PREMIUM_OTL_State	
PYR_USBT_PREMIUM_OTL_City	USBT_PREMIUM_OTL_City	
PYR_HY_OU_BONUS_CDRM_PAYMENT_RATE	HY_OU_BONUS_CDRM_PAYMENT_RATE	
PYR_HY_OU_BONUS_CDRM_TIME_FACTOR	HY_OU_BONUS_CDRM_TIME_FACTOR	
PYR_HY_OU_BONUS_CDRM_RATE_AMOUNT	HY_OU_BONUS_CDRM_RATE_AMOUNT	
PYR_USBT_OVT_OTL_PAYMENT_RATE	USBT_OVT_OTL_PAYMENT_RATE	
PYR_USBT_OVT_OTL_TIME_FACTOR	USBT_OVT_OTL_TIME_FACTOR	
PYR_USBT_OVT_OTL_RATE_AMOUNT	USBT_OVT_OTL_RATE_AMOUNT	
PYR_USBT_OVT_OTL_County	USBT_OVT_OTL_County	
PYR_USBT_OVT_OTL_State	USBT_OVT_OTL_State	
PYR_USBT_OVT_OTL_City	USBT_OVT_OTL_City	
TimeEventTime	Time Event Time	Timestamp
PYR_YTL_FR_Overtime_PAYMENT_RATE	YTL_FR_Overtime Payment Rate	
PYR_YTL_FR_Overtime_TIME_FACTOR	YTL_FR_Overtime Time Factor	
PYR_YTL_FR_Overtime_RATE_AMOUNT	YTL_FR_Overtime Rate Amount	
PYR_YTL_FR_Regular_PAYMENT_RATE	YTL_FR_Regular Payment Rate	
PYR_YTL_FR_Regular_TIME_FACTOR	YTL_FR_Regular Time Factor	
PYR_YTL_FR_Regular_RATE_AMOUNT	YTL_FR_Regular Rate Amount	
PYR_TESCO EXTRA NIGHT PREMIUM OVERTIME_PAYMENT_RATE	TESCO EXTRA NIGHT PREMIUM OVERTIME_PAYMENT_RATE	
PYR_TESCO EXTRA NIGHT PREMIUM OVERTIME_TIME_FACTOR	TESCO EXTRA NIGHT PREMIUM OVERTIME_TIME_FACTOR	
PYR_TESCO EXTRA NIGHT PREMIUM OVERTIME_RATE_AMOUNT	TESCO EXTRA NIGHT PREMIUM OVERTIME_RATE_AMOUNT	
PYR_TESCO BANK HOLIDAY NIGHT OVERTIME_PAYMENT_RATE	TESCO BANK HOLIDAY NIGHT OVERTIME_PAYMENT_RATE	
PYR_TESCO BANK HOLIDAY NIGHT OVERTIME_TIME_FACTOR	TESCO BANK HOLIDAY NIGHT OVERTIME_TIME_FACTOR	
PYR_TESCO BANK HOLIDAY NIGHT OVERTIME_RATE_AMOUNT	TESCO BANK HOLIDAY NIGHT OVERTIME_RATE_AMOUNT	
PYR_TESCO BANK HOLIDAY DAY OVERTIME_PAYMENT_RATE	TESCO BANK HOLIDAY DAY OVERTIME_PAYMENT_RATE	
PYR_TESCO BANK HOLIDAY DAY OVERTIME_TIME_FACTOR	TESCO BANK HOLIDAY DAY OVERTIME_TIME_FACTOR	
PYR_TESCO BANK HOLIDAY DAY OVERTIME_RATE_AMOUNT	TESCO BANK HOLIDAY DAY OVERTIME_RATE_AMOUNT	
PYR_TESCO NIGHT SUNDAY OVERTIME_PAYMENT_RATE	TESCO NIGHT SUNDAY OVERTIME_PAYMENT_RATE	
PYR_TESCO NIGHT SUNDAY OVERTIME_TIME_FACTOR	TESCO NIGHT SUNDAY OVERTIME_TIME_FACTOR	
PYR_TESCO NIGHT SUNDAY OVERTIME_RATE_AMOUNT	TESCO NIGHT SUNDAY OVERTIME_RATE_AMOUNT	
TimeEventTimeISO	Time Event Time ISO	Varchar
ZoneType	Zone Type	Varchar
TimeEventDuration	Time Event Duration	Number
TimeEventDurationUOM	Time Event Duration Unit of Measure	Varchar
ZmmShiftId	Library Shift Id	Number
Cost	Cost	Varchar
AdjReasonIn	Adjustment Reason for In Time Event	Varchar
PYR_ZHRX_CA_TIME_ STD_OVERTIME_TL_CA_EI_ALLOCATION	ZHRX_CA_TIME_ STD_OVERTIME EI Allocation	
GD_TL_CA_EI_ALLOCATION_NUMB	TL_CA_EI_ALLOCATION	Number
PYR_ZHRX_CA_TIME_ STD_OVERTIME_TL_CA_EI_HOURS	ZHRX_CA_TIME_ STD_OVERTIME EI Hours	
GD_TL_CA_EI_HOURS_NUMB	TL_CA_EI_HOURS	Number
PYR_ZHRX_CA_TIME_ STD_OVERTIME_PAYMENT_RATE	ZHRX_CA_TIME_ STD_OVERTIME Payment Rate	
PYR_ZHRX_CA_TIME_ STD_OVERTIME_TIME_FACTOR	ZHRX_CA_TIME_ STD_OVERTIME Time Factor	
PYR_ZHRX_CA_TIME_ STD_OVERTIME_RATE_AMOUNT	ZHRX_CA_TIME_ STD_OVERTIME Rate Amount	
PYR_TESCO BANK HOLIDAY PREMIUM_PAYMENT_RATE	TESCO BANK HOLIDAY PREMIUM_PAYMENT_RATE	
PYR_TESCO BANK HOLIDAY PREMIUM_TIME_FACTOR	TESCO BANK HOLIDAY PREMIUM_TIME_FACTOR	
PYR_TESCO BANK HOLIDAY PREMIUM_RATE_AMOUNT	TESCO BANK HOLIDAY PREMIUM_RATE_AMOUNT	
PYR_SR_StdElem_TimeCard01_CDRM_PAYMENT_RATE	SR_StdElem_TimeCard01_CDRM Payment Rate	
PYR_SR_StdElem_TimeCard01_CDRM_TIME_FACTOR	SR_StdElem_TimeCard01_CDRM Time Factor	
PYR_SR_StdElem_TimeCard01_CDRM_RATE_AMOUNT	SR_StdElem_TimeCard01_CDRM Rate Amount	
PYR_ZHRX_CA_TIME_ STD_REGULAR_TL_CA_EI_ALLOCATION	ZHRX_CA_TIME_ STD_REGULAR EI Allocation	
PYR_ZHRX_CA_TIME_ STD_REGULAR_TL_CA_EI_HOURS	ZHRX_CA_TIME_ STD_REGULAR EI Hours	
PYR_ZHRX_CA_TIME_ STD_REGULAR_PAYMENT_RATE	ZHRX_CA_TIME_ STD_REGULAR Payment Rate	
PYR_ZHRX_CA_TIME_ STD_REGULAR_TIME_FACTOR	ZHRX_CA_TIME_ STD_REGULAR Time Factor	
PYR_ZHRX_CA_TIME_ STD_REGULAR_RATE_AMOUNT	ZHRX_CA_TIME_ STD_REGULAR Rate Amount	
PYR_TESCO EXTRA NIGHT PREMIUM_PAYMENT_RATE	TESCO EXTRA NIGHT PREMIUM_PAYMENT_RATE	
PYR_TESCO EXTRA NIGHT PREMIUM_TIME_FACTOR	TESCO EXTRA NIGHT PREMIUM_TIME_FACTOR	
PYR_TESCO EXTRA NIGHT PREMIUM_RATE_AMOUNT	TESCO EXTRA NIGHT PREMIUM_RATE_AMOUNT	
PYR_TESCO FLEXI HOURS NIGHT_PAYMENT_RATE	TESCO FLEXI HOURS NIGHT_PAYMENT_RATE	
PYR_TESCO FLEXI HOURS NIGHT_TIME_FACTOR	TESCO FLEXI HOURS NIGHT_TIME_FACTOR	
PYR_TESCO FLEXI HOURS NIGHT_RATE_AMOUNT	TESCO FLEXI HOURS NIGHT_RATE_AMOUNT	
PYR_NB_OTL_INTL_SWHRA_HOURS_PAYMENT_RATE	NB_OTL_INTL_SWHRA_HOURS Payment Rate	
PYR_NB_OTL_INTL_SWHRA_HOURS_TIME_FACTOR	NB_OTL_INTL_SWHRA_HOURS Time Factor	
PYR_NB_OTL_INTL_SWHRA_HOURS_RATE_AMOUNT	NB_OTL_INTL_SWHRA_HOURS Rate Amount	
PYR_NB_OTL_INTL_PWSRA_HOURS_PAYMENT_RATE	NB_OTL_INTL_PWSRA_HOURS Payment Rate	
PYR_NB_OTL_INTL_PWSRA_HOURS_TIME_FACTOR	NB_OTL_INTL_PWSRA_HOURS Time Factor	
PYR_NB_OTL_INTL_PWSRA_HOURS_RATE_AMOUNT	NB_OTL_INTL_PWSRA_HOURS Rate Amount	
PYR_NB_OTL_INTL_OTHER_UNITS_PAYMENT_RATE	NB_OTL_INTL_OTHER_UNITS Payment Rate	
PYR_NB_OTL_INTL_OTHER_UNITS_TIME_FACTOR	NB_OTL_INTL_OTHER_UNITS Time Factor	
PYR_NB_OTL_INTL_OTHER_UNITS_RATE_AMOUNT	NB_OTL_INTL_OTHER_UNITS Rate Amount	
PYR_NB_OTL_INTL_AWHRA_HOURS_PAYMENT_RATE	NB_OTL_INTL_AWHRA_HOURS Payment Rate	
PYR_NB_OTL_INTL_AWHRA_HOURS_TIME_FACTOR	NB_OTL_INTL_AWHRA_HOURS Time Factor	
PYR_NB_OTL_INTL_AWHRA_HOURS_RATE_AMOUNT	NB_OTL_INTL_AWHRA_HOURS Rate Amount	
PYR_NB_OTL_EXP_ELE_1805CDRM_PAYMENT_RATE	NB_OTL_EXP_ELE_1805CDRM Payment Rate	
PYR_NB_OTL_EXP_ELE_1805CDRM_TIME_FACTOR	NB_OTL_EXP_ELE_1805CDRM Time Factor	
PYR_NB_OTL_EXP_ELE_1805CDRM_RATE_AMOUNT	NB_OTL_EXP_ELE_1805CDRM Rate Amount	
PYR_ZPAY_OTL_CDRM_VBC_INTL_PAYMENT_RATE	ZPAY_OTL_CDRM_VBC_INTL Payment Rate	
PYR_ZPAY_OTL_CDRM_VBC_INTL_ELEMENT_RATE	ZPAY_OTL_CDRM_VBC_INTL Element Rate	
PYR_ZPAY_OTL_CDRM_VBC_INTL_TIME_FACTOR	ZPAY_OTL_CDRM_VBC_INTL Time Factor	
PYR_ZPAY_OTL_CDRM_VBC_INTL_RATE_AMOUNT	ZPAY_OTL_CDRM_VBC_INTL Rate Amount	
PYR_STD REGULAR TIME 11019_TL_CA_EI_ALLOCATION	STD REGULAR TIME 11019 EI Allocation	
PYR_STD REGULAR TIME 11019_TL_CA_EI_HOURS	STD REGULAR TIME 11019 EI Hours	
PYR_STD REGULAR TIME 11019_PAYMENT_RATE	STD REGULAR TIME 11019 Payment Rate	
PYR_STD REGULAR TIME 11019_TIME_FACTOR	STD REGULAR TIME 11019 Time Factor	
PYR_STD REGULAR TIME 11019_RATE_AMOUNT	STD REGULAR TIME 11019 Rate Amount	
PYR_NB_OTL_INTL_SWHRA_DAYS_PAYMENT_RATE	NB_OTL_INTL_SWHRA_DAYS Payment Rate	
PYR_NB_OTL_INTL_SWHRA_DAYS_TIME_FACTOR	NB_OTL_INTL_SWHRA_DAYS Time Factor	
PYR_NB_OTL_INTL_SWHRA_DAYS_RATE_AMOUNT	NB_OTL_INTL_SWHRA_DAYS Rate Amount	
PYR_NB_OTL_INTL_PWSRA_DAYS_PAYMENT_RATE	NB_OTL_INTL_PWSRA_DAYS Payment Rate	
PYR_NB_OTL_INTL_PWSRA_DAYS_TIME_FACTOR	NB_OTL_INTL_PWSRA_DAYS Time Factor	
PYR_NB_OTL_INTL_PWSRA_DAYS_RATE_AMOUNT	NB_OTL_INTL_PWSRA_DAYS Rate Amount	
PYR_NB_OTL_INTL_AWHRA_DAYS_PAYMENT_RATE	NB_OTL_INTL_AWHRA_DAYS Payment Rate	
PYR_WFM Night Shift Allowance_RATE_AMOUNT	WFM Night Shift Allowance_RATE_AMOUNT	
PYR_WFM Night Shift Allowance_TIME_FACTOR	WFM Night Shift Allowance_TIME_FACTOR	
PYR_WFM Night Shift Allowance_ELEMENT_RATE	WFM Night Shift Allowance_ELEMENT_RATE	
PYR_WFM Night Shift Allowance_PAYMENT_RATE	WFM Night Shift Allowance_PAYMENT_RATE	
GD_Appropriation_CHAR	Appropriation	Varchar
GD_Department_CHAR	Department	Varchar
GD_Fund_CHAR	Fund	Varchar
GD_Funding Source_CHAR	Funding Source	Varchar
GD_Grant_CHAR	Grant	Varchar
GD_Object_CHAR	Object	Varchar
GD_Organization_CHAR	Organization	Varchar
GD_Program_CHAR	Program	Varchar
GD_Project_CHAR	Project	Varchar
GD_City Code_CHAR	City Code	Varchar
GD_County Code_CHAR	County Code	Varchar
GD_School District Code_CHAR	School District Code	Varchar
GD_Segment 1_CHAR	Segment 1	Varchar
GD_Segment 10_CHAR	Segment 10	Varchar
GD_Segment 11_CHAR	Segment 11	Varchar
GD_Segment 12_CHAR	Segment 12	Varchar
GD_Segment 2_CHAR	Segment 2	Varchar
GD_Segment 3_CHAR	Segment 3	Varchar
GD_State Code_CHAR	State Code	Varchar
GD_Payroll_Account_CHAR	Payroll_Account	Varchar
GD_Payroll_Company_CHAR	Payroll_Company	Varchar
GD_Payroll_Department_CHAR	Payroll_Department	Varchar
GD_Payroll_Product_CHAR	Payroll_Product	Varchar
GD_Payroll_Sub-Account_CHAR	Payroll_Sub-Account	Varchar
PJC_EXPENDITURE_TYPE_NAME	Expenditure Type Name	Varchar
StopTime	Stop Time	Timestamp
SubresourceId	Assignment	Number
TimeConsumerConfigurationSet	Consumer Configuration Set	Number
TimeConsumerSet	Consumer Set	Number
TimeRecordType	Time Record Type	Varchar
TimeReporter	Time Reporter	Number
ORA_HWM_START_OF_SHIFT	Start of Shift	Varchar
WBCLCK_TAMPERED_IN	Time Tampered In	Varchar
WBCLCK_TAMPERED_OUT	Time Tampered Out	Varchar
AbsenceCalculatedDuration	Absence Calculated Duration	Number
AbsenceShiftBreakdownId	Absence Shift Breakdown ID	Number
TimeRecordAbsenceEntryId	Time Record Absence Entry ID	Number
BREAK_DOWN_LEVEL	Break Down Level	Number
WORK_LOCATION_SPLIT_MARKER	Work Location Split Marker	Varchar
OverrideActualDate	Earned Date	Date
OpenEndedAbsence	Open Ended Absence	Varchar
OpenEndedAbsenceName	Open Ended Absence Name	Varchar
ReadOnlyAbsence	Read Only Absence	Varchar
ELAPSED_DURATION	Elapsed duration	Number
PYR_CRK_JOB_REGULAR_PAYMENT_RATE	CRK_JOB_REGULAR_PAYMENT_RATE	
PYR_CRK_JOB_REGULAR_ELEMENT_RATE	CRK_JOB_REGULAR_ELEMENT_RATE	
PYR_CRK_JOB_REGULAR_TIME_FACTOR	CRK_JOB_REGULAR_TIME_FACTOR	
PYR_CRK_JOB_REGULAR_RATE_AMOUNT	CRK_JOB_REGULAR_RATE_AMOUNT	
PYR_Account WFMTL	Account WFMTL	
GD_Account WFMTL_CHAR	Account WFMTL	Varchar
PYR_Department WFMTL	Department WFMTL	
GD_Department WFMTL_CHAR	Department WFMTL	Varchar
PYR_Entity WFMTL	Entity WFMTL	
GD_Entity WFMTL_CHAR	Entity WFMTL	Varchar
PYR_Location WFMTL	Location WFMTL	
GD_Location WFMTL_CHAR	Location WFMTL	Varchar
PYR_Region WFMTL	Region WFMTL	
GD_Region WFMTL_CHAR	Region WFMTL	Varchar
QUEST_DURATION_OUT	Attestation duration for an Out event	Number
InvolvesChangeRequest	Involves Change Request	Varchar
MarkedForDelete	Marked For Delete	Varchar
PYR_NB_OTL_INTL_AWHRA_DAYS_TIME_FACTOR	NB_OTL_INTL_AWHRA_DAYS Time Factor	
PYR_NB_OTL_INTL_AWHRA_DAYS_RATE_AMOUNT	NB_OTL_INTL_AWHRA_DAYS Rate Amount	
PYR_HY_OU_NI_STD_EARN_CDRM_PAYMENT_RATE	HY_OU_NI_STD_EARN_CDRM Payment Rate	
PYR_HY_OU_NI_STD_EARN_CDRM_TIME_FACTOR	HY_OU_NI_STD_EARN_CDRM Time Factor	
PYR_HY_OU_NI_STD_EARN_CDRM_RATE_AMOUNT	HY_OU_NI_STD_EARN_CDRM Rate Amount	
PYR_HY_NI_OU_EARN_1805CDRM_PAYMENT_RATE	HY_NI_OU_EARN_1805CDRM Payment Rate	
PYR_HY_NI_OU_EARN_1805CDRM_TIME_FACTOR	HY_NI_OU_EARN_1805CDRM Time Factor	
PYR_HY_NI_OU_EARN_1805CDRM_RATE_AMOUNT	HY_NI_OU_EARN_1805CDRM Rate Amount	
PYR_AL_CDRM_OU_OTL_Element_PAYMENT_RATE	AL_CDRM_OU_OTL_Element Payment Rate	
PYR_AL_CDRM_OU_OTL_Element_ELEMENT_RATE	AL_CDRM_OU_OTL_Element Element Rate	
PYR_AL_CDRM_OU_OTL_Element_TIME_FACTOR	AL_CDRM_OU_OTL_Element Time Factor	
PYR_AL_CDRM_OU_OTL_Element_RATE_AMOUNT	AL_CDRM_OU_OTL_Element Rate Amount	
PYR_DDT_OTL_REG_CDRM_RATE_AMOUNT	DDT_OTL_REG_CDRM_RATE_AMOUNT	
PYR_DDT_OTL_REG_CDRM_TIME_FACTOR	DDT_OTL_REG_CDRM_TIME_FACTOR	
PYR_DDT_OTL_REG_CDRM_PAYMENT_RATE	DDT_OTL_REG_CDRM_PAYMENT_RATE	
PYR_YTL_Doubletime_PAYMENT_RATE	YTL_Doubletime_PAYMENT_RATE	
PYR_YTL_Doubletime_TIME_FACTOR	YTL_Doubletime_TIME_FACTOR	
PYR_YTL_Doubletime_RATE_AMOUNT	YTL_Doubletime_RATE_AMOUNT	
PYR_YTL_Doubletime_County	YTL_Doubletime_County	
PYR_YTL_Doubletime_State	YTL_Doubletime_State	
PYR_YTL_Doubletime_City	YTL_Doubletime_City	
PYR_YTL_Overtime_PAYMENT_RATE	YTL_Overtime_PAYMENT_RATE	
PYR_YTL_Overtime_TIME_FACTOR	YTL_Overtime_TIME_FACTOR	
PYR_YTL_Overtime_RATE_AMOUNT	YTL_Overtime_RATE_AMOUNT	
PYR_YTL_Overtime_County	YTL_Overtime_County	
PYR_YTL_Overtime_State	YTL_Overtime_State	
PYR_YTL_Overtime_City	YTL_Overtime_City	
PYR_YTL_Regular_PAYMENT_RATE	YTL_Regular_PAYMENT_RATE	
PYR_YTL_Regular_TIME_FACTOR	YTL_Regular_TIME_FACTOR	
PYR_YTL_Regular_RATE_AMOUNT	YTL_Regular_RATE_AMOUNT	
PYR_YTL_Regular_County	YTL_Regular_County	
PYR_YTL_Regular_State	YTL_Regular_State	
PYR_YTL_Regular_City	YTL_Regular_City	
PYR_Sow_Reg_Exp_PAYMENT_RATE	Sow_Reg_Exp Payment Rate	
PYR_Sow_Reg_Exp_ELEMENT_RATE	Sow_Reg_Exp Element Rate	
PYR_Sow_Reg_Exp_TIME_FACTOR	Sow_Reg_Exp Time Factor	
PYR_Sow_Reg_Exp_RATE_AMOUNT	Sow_Reg_Exp Rate Amount	
PYR_TESCO SUNDAY OVERTIME_PAYMENT_RATE	TESCO SUNDAY OVERTIME_PAYMENT_RATE	
PYR_TESCO SUNDAY OVERTIME_TIME_FACTOR	TESCO SUNDAY OVERTIME_TIME_FACTOR	
PYR_TESCO SUNDAY OVERTIME_RATE_AMOUNT	TESCO SUNDAY OVERTIME_RATE_AMOUNT	
PYR_TESCO NIGHT OVERTIME1_PAYMENT_RATE	TESCO NIGHT OVERTIME1_PAYMENT_RATE	
PYR_TESCO NIGHT OVERTIME1_TIME_FACTOR	TESCO NIGHT OVERTIME1_TIME_FACTOR	
PYR_TESCO NIGHT OVERTIME1_RATE_AMOUNT	TESCO NIGHT OVERTIME1_RATE_AMOUNT	
PYR_TESCO FLEXI HOURS DAY_PAYMENT_RATE	TESCO FLEXI HOURS DAY_PAYMENT_RATE	
PYR_TESCO FLEXI HOURS DAY_TIME_FACTOR	TESCO FLEXI HOURS DAY_TIME_FACTOR	
PYR_TESCO FLEXI HOURS DAY_RATE_AMOUNT	TESCO FLEXI HOURS DAY_RATE_AMOUNT	
PYR_NB_OTL_INTL_SRD_HOURS_PAYMENT_RATE	NB_OTL_INTL_SRD_HOURS Payment Rate	
PYR_NB_OTL_OVERTIME_US_CDRM_PAYMENT_RATE	NB_OTL_OVERTIME_US_CDRM_PAYMENT_RATE	
PYR_NB_OTL_OVERTIME_US_CDRM_TIME_FACTOR	NB_OTL_OVERTIME_US_CDRM_TIME_FACTOR	
PYR_NB_OTL_OVERTIME_US_CDRM_RATE_AMOUNT	NB_OTL_OVERTIME_US_CDRM_RATE_AMOUNT	
GD_ORA_HRX_US_EARN_COUNTY_NUMB	ORA_HRX_US_EARN_COUNTY	Number
GD_ORA_HRX_US_EARN_STATE_NUMB	ORA_HRX_US_EARN_STATE	Number
GD_ORA_HRX_US_EARN_CITY_NUMB	ORA_HRX_US_EARN_CITY	Number
PYR_NB_ZHRX_Overtime_CDRM_PAYMENT_RATE	NB_ZHRX_Overtime_CDRM_PAYMENT_RATE	
PYR_NB_ZHRX_Overtime_CDRM_TIME_FACTOR	NB_ZHRX_Overtime_CDRM_TIME_FACTOR	
PYR_NB_ZHRX_Overtime_CDRM_RATE_AMOUNT	NB_ZHRX_Overtime_CDRM_RATE_AMOUNT	
PYR_NB_ZHRX_Overtime_CDRM_County	NB_ZHRX_Overtime_CDRM_County	
PYR_NB_ZHRX_Overtime_CDRM_State	NB_ZHRX_Overtime_CDRM_State	
PYR_NB_ZHRX_Overtime_CDRM_City	NB_ZHRX_Overtime_CDRM_City	
PYR_NB_OTL_US_PWSRA_CDRM_PAYMENT_RATE	NB_OTL_US_PWSRA_CDRM_PAYMENT_RATE	
PYR_NB_OTL_US_PWSRA_CDRM_TIME_FACTOR	NB_OTL_US_PWSRA_CDRM_TIME_FACTOR	
PYR_NB_OTL_US_PWSRA_CDRM_RATE_AMOUNT	NB_OTL_US_PWSRA_CDRM_RATE_AMOUNT	
PYR_NB_OTL_US_CDRM_PAYMENT_RATE	NB_OTL_US_CDRM_PAYMENT_RATE	
PYR_NB_OTL_US_CDRM_TIME_FACTOR	NB_OTL_US_CDRM_TIME_FACTOR	
PYR_NB_OTL_US_CDRM_RATE_AMOUNT	NB_OTL_US_CDRM_RATE_AMOUNT	
PYR_ORA_HRX_US_EARN_COUNTY	ORA_HRX_US_EARN_COUNTY	
PYR_ORA_HRX_US_EARN_STATE	ORA_HRX_US_EARN_STATE	
PYR_ORA_HRX_US_EARN_CITY	ORA_HRX_US_EARN_CITY	
PYR_NB_OTL_INTL_SRD_HOURS_TIME_FACTOR	NB_OTL_INTL_SRD_HOURS Time Factor	
PYR_NB_OTL_INTL_SRD_HOURS_RATE_AMOUNT	NB_OTL_INTL_SRD_HOURS Rate Amount	
PYR_NB_OTL_INTL_SRA_HOURS_PAYMENT_RATE	NB_OTL_INTL_SRA_HOURS Payment Rate	
PYR_NB_OTL_INTL_SRA_HOURS_TIME_FACTOR	NB_OTL_INTL_SRA_HOURS Time Factor	
PYR_NB_OTL_INTL_SRA_HOURS_RATE_AMOUNT	NB_OTL_INTL_SRA_HOURS Rate Amount	
PYR_MyCSP_Timecard_Hourly_PAYMENT_RATE	MyCSP_Timecard_Hourly Payment Rate	
PYR_MyCSP_Timecard_Hourly_ELEMENT_RATE	MyCSP_Timecard_Hourly Element Rate	
PYR_MyCSP_Timecard_Hourly_TIME_FACTOR	MyCSP_Timecard_Hourly Time Factor	
PYR_MyCSP_Timecard_Hourly_RATE_AMOUNT	MyCSP_Timecard_Hourly Rate Amount	
PYR_TESCO SUNDAY PREMIUM_PAYMENT_RATE	TESCO SUNDAY PREMIUM_PAYMENT_RATE	
PYR_TESCO SUNDAY PREMIUM_TIME_FACTOR	TESCO SUNDAY PREMIUM_TIME_FACTOR	
PYR_TESCO SUNDAY PREMIUM_RATE_AMOUNT	TESCO SUNDAY PREMIUM_RATE_AMOUNT	
PYR_CRK_PAY_JOB	CRK_PAY_JOB	
GD_CRK_PAY_JOB_CHAR	CRK_PAY_JOB	Varchar
PYR_VTL_US_REGULAR_PAYMENT_RATE	VTL_US_REGULAR_PAYMENT_RATE	
PYR_VTL_US_REGULAR_TIME_FACTOR	VTL_US_REGULAR_TIME_FACTOR	
PYR_VTL_US_REGULAR_RATE_AMOUNT	VTL_US_REGULAR_RATE_AMOUNT	
PYR_WFM_LB_Criteria_Department_Units_Regular_PAYMENT_RATE	WFM_LB_Criteria_Department_Units_Regular Payment Rate	
PYR_WFM_LB_Criteria_Department_Units_Regular_ELEMENT_RATE	WFM_LB_Criteria_Department_Units_Regular Element Rate	
PYR_WFM_LB_Criteria_Department_Units_Regular_TIME_FACTOR	WFM_LB_Criteria_Department_Units_Regular Time Factor	
PYR_WFM_LB_Criteria_Department_Units_Regular_RATE_AMOUNT	WFM_LB_Criteria_Department_Units_Regular Rate Amount	
PYR_WFM_LB_Criteria_Hire Date_Hours_Regular_PAYMENT_RATE	WFM_LB_Criteria_Hire Date_Hours_Regular Payment Rate	
PYR_WFM_LB_Criteria_Hire Date_Hours_Regular_ELEMENT_RATE	WFM_LB_Criteria_Hire Date_Hours_Regular Element Rate	
PYR_WFM_LB_Criteria_Hire Date_Hours_Regular_TIME_FACTOR	WFM_LB_Criteria_Hire Date_Hours_Regular Time Factor	
PYR_WFM_LB_Criteria_Hire Date_Hours_Regular_RATE_AMOUNT	WFM_LB_Criteria_Hire Date_Hours_Regular Rate Amount	
PYR_WFM_LB_Criteria_HireDate_Units_Regular_PAYMENT_RATE	WFM_LB_Criteria_HireDate_Units_Regular Payment Rate	
PYR_WFM_LB_Criteria_HireDate_Units_Regular_ELEMENT_RATE	WFM_LB_Criteria_HireDate_Units_Regular Element Rate	
PYR_WFM_LB_Criteria_HireDate_Units_Regular_TIME_FACTOR	WFM_LB_Criteria_HireDate_Units_Regular Time Factor	
PYR_WFM_LB_Criteria_HireDate_Units_Regular_RATE_AMOUNT	WFM_LB_Criteria_HireDate_Units_Regular Rate Amount	
PYR_WFM_LB_Criteria_Department_Units_OT1_PAYMENT_RATE	WFM_LB_Criteria_Department_Units_OT1 Payment Rate	
PYR_WFM_LB_Criteria_Department_Units_OT1_ELEMENT_RATE	WFM_LB_Criteria_Department_Units_OT1 Element Rate	
PYR_WFM_LB_Criteria_Department_Units_OT1_TIME_FACTOR	WFM_LB_Criteria_Department_Units_OT1 Time Factor	
PYR_WFM_LB_Criteria_Department_Units_OT1_RATE_AMOUNT	WFM_LB_Criteria_Department_Units_OT1 Rate Amount	
PYR_WFM_LB_Criteria_Department_Hours_OT1_PAYMENT_RATE	WFM_LB_Criteria_Department_Hours_OT1 Payment Rate	
PYR_WFM_LB_Criteria_Department_Hours_OT1_ELEMENT_RATE	WFM_LB_Criteria_Department_Hours_OT1 Element Rate	
PYR_WFM_LB_Criteria_Department_Hours_OT1_TIME_FACTOR	WFM_LB_Criteria_Department_Hours_OT1 Time Factor	
PYR_WFM_LB_Criteria_Department_Hours_OT1_RATE_AMOUNT	WFM_LB_Criteria_Department_Hours_OT1 Rate Amount	
PYR_WFM_LB_Criteria_Hire Date_Hours_OT1_PAYMENT_RATE	WFM_LB_Criteria_Hire Date_Hours_OT1 Payment Rate	
PYR_WFM_LB_Criteria_Hire Date_Hours_OT1_ELEMENT_RATE	WFM_LB_Criteria_Hire Date_Hours_OT1 Element Rate	
PYR_WFM_LB_Criteria_Hire Date_Hours_OT1_TIME_FACTOR	WFM_LB_Criteria_Hire Date_Hours_OT1 Time Factor	
PYR_WFM_LB_Criteria_Hire Date_Hours_OT1_RATE_AMOUNT	WFM_LB_Criteria_Hire Date_Hours_OT1 Rate Amount	
PYR_WFM_LB_Criteria_HireDate_Units_OT1_PAYMENT_RATE	WFM_LB_Criteria_HireDate_Units_OT1 Payment Rate	
PYR_WFM_LB_Criteria_HireDate_Units_OT1_ELEMENT_RATE	WFM_LB_Criteria_HireDate_Units_OT1 Element Rate	
PYR_WFM_LB_Criteria_HireDate_Units_OT1_TIME_FACTOR	WFM_LB_Criteria_HireDate_Units_OT1 Time Factor	
PYR_WFM Night Shift Allowance UK_PAYMENT_RATE	WFM Night Shift Allowance UK_PAYMENT_RATE	
PYR_WFM Night Shift Allowance UK_ELEMENT_RATE	WFM Night Shift Allowance UK_ELEMENT_RATE	
PYR_WFM Night Shift Allowance UK_TIME_FACTOR	WFM Night Shift Allowance UK_TIME_FACTOR	
PYR_WFM Night Shift Allowance UK_RATE_AMOUNT	WFM Night Shift Allowance UK_RATE_AMOUNT	
PYR_VTL_US_ALLOWANCE02_PAYMENT_RATE	VTL_US_ALLOWANCE02_PAYMENT_RATE	
PYR_VTL_US_ALLOWANCE02_ELEMENT_RATE	VTL_US_ALLOWANCE02_ELEMENT_RATE	
PYR_VTL_US_ALLOWANCE02_TIME_FACTOR	VTL_US_ALLOWANCE02_TIME_FACTOR	
PYR_VTL_US_ALLOWANCE02_RATE_AMOUNT	VTL_US_ALLOWANCE02_RATE_AMOUNT	
PYR_VTL_US_ALLOWANCE01_PAYMENT_RATE	VTL_US_ALLOWANCE01_PAYMENT_RATE	
PYR_VTL_US_ALLOWANCE01_ELEMENT_RATE	VTL_US_ALLOWANCE01_ELEMENT_RATE	
PYR_VTL_US_ALLOWANCE01_TIME_FACTOR	VTL_US_ALLOWANCE01_TIME_FACTOR	
PYR_VTL_US_ALLOWANCE01_RATE_AMOUNT	VTL_US_ALLOWANCE01_RATE_AMOUNT	
PYR_VTL_US_REGULAR02_PAYMENT_RATE	VTL_US_REGULAR02_PAYMENT_RATE	
PYR_VTL_US_REGULAR02_ELEMENT_RATE	VTL_US_REGULAR02_ELEMENT_RATE	
PYR_VTL_US_REGULAR02_TIME_FACTOR	VTL_US_REGULAR02_TIME_FACTOR	
PYR_VTL_US_REGULAR02_RATE_AMOUNT	VTL_US_REGULAR02_RATE_AMOUNT	
PYR_VTL_US_REGULAR01_PAYMENT_RATE	VTL_US_REGULAR01_PAYMENT_RATE	
PYR_VTL_US_REGULAR01_ELEMENT_RATE	VTL_US_REGULAR01_ELEMENT_RATE	
PYR_VTL_US_REGULAR01_TIME_FACTOR	VTL_US_REGULAR01_TIME_FACTOR	
PYR_VTL_US_REGULAR01_RATE_AMOUNT	VTL_US_REGULAR01_RATE_AMOUNT	
PYR_WFM_LB_Criteria_HireDate_Units_OT1_RATE_AMOUNT	WFM_LB_Criteria_HireDate_Units_OT1 Rate Amount	
PYR_WFM_LB_Criteria_Department_Regular_PAYMENT_RATE	WFM_LB_Criteria_Department_Regular Payment Rate	
PYR_WFM_LB_Criteria_Department_Regular_ELEMENT_RATE	WFM_LB_Criteria_Department_Regular Element Rate	
PYR_WFM_LB_Criteria_Department_Regular_TIME_FACTOR	WFM_LB_Criteria_Department_Regular Time Factor	
PYR_WFM_LB_Criteria_Department_Regular_RATE_AMOUNT	WFM_LB_Criteria_Department_Regular Rate Amount	
PYR_WFM_LB_FLATAMOUNT_Units_Regular_PAYMENT_RATE	WFM_LB_FLATAMOUNT_Units_Regular Payment Rate	
PYR_WFM_LB_FLATAMOUNT_Units_Regular_ELEMENT_RATE	WFM_LB_FLATAMOUNT_Units_Regular Element Rate	
PYR_WFM_LB_FLATAMOUNT_Units_Regular_TIME_FACTOR	WFM_LB_FLATAMOUNT_Units_Regular Time Factor	
PYR_WFM_LB_FLATAMOUNT_Units_Regular_RATE_AMOUNT	WFM_LB_FLATAMOUNT_Units_Regular Rate Amount	
PYR_WFM_LB_FLATRATE_Units_Regular_PAYMENT_RATE	WFM_LB_FLATRATE_Units_Regular Payment Rate	
PYR_WFM_LB_FLATRATE_Units_Regular_ELEMENT_RATE	WFM_LB_FLATRATE_Units_Regular Element Rate	
PYR_WFM_LB_FLATRATE_Units_Regular_TIME_FACTOR	WFM_LB_FLATRATE_Units_Regular Time Factor	
PYR_WFM_LB_FLATRATE_Units_Regular_RATE_AMOUNT	WFM_LB_FLATRATE_Units_Regular Rate Amount	
PYR_VK_REGULAR_PAYMENT_RATE	VK_REGULAR_PAYMENT_RATE	
PYR_VK_REGULAR_TIME_FACTOR	VK_REGULAR_TIME_FACTOR	
PYR_VK_REGULAR_RATE_AMOUNT	VK_REGULAR_RATE_AMOUNT	
PYR_CRK_RIHC_Element_Units_PAYMENT_RATE	CRK_RIHC_Element_Units Payment Rate	
PYR_CRK_RIHC_Element_Units_TIME_FACTOR	CRK_RIHC_Element_Units Time Factor	
PYR_CRK_RIHC_Element_Units_RATE_AMOUNT	CRK_RIHC_Element_Units Rate Amount	
GD_ORA_HRX_US_EARN_FLSA_DATE_TIME	ORA_HRX_US_EARN_FLSA_DATE	Timestamp
GD_CRK_RIHC_JOBID_NUMB	CRK_RIHC_JOBID	Number
PYR_CRK_VBC_Element_Units_PAYMENT_RATE	CRK_VBC_Element_Units Payment Rate	
PYR_CRK_VBC_Element_Units_ELEMENT_RATE	CRK_VBC_Element_Units Element Rate	
PYR_CRK_VBC_Element_Units_TIME_FACTOR	CRK_VBC_Element_Units Time Factor	
PYR_CRK_VBC_Element_Units_RATE_AMOUNT	CRK_VBC_Element_Units Rate Amount	
PYR_CRK_RIHC_ELEMENT_HRS_PAYMENT_RATE	CRK_RIHC_ELEMENT_HRS Payment Rate	
PYR_CRK_RIHC_ELEMENT_HRS_TIME_FACTOR	CRK_RIHC_ELEMENT_HRS Time Factor	
PYR_CRK_RIHC_ELEMENT_HRS_RATE_AMOUNT	CRK_RIHC_ELEMENT_HRS Rate Amount	
PYR_ORA_HRX_US_EARN_FLSA_DATE	Overtime Date	
PYR_CRK_RIHC_JOBID	CRK_RIHC_JOBID	
PYR_WFM_LB_FLATAMOUNT_Units_OT1_PAYMENT_RATE	WFM_LB_FLATAMOUNT_Units_OT1 Payment Rate	
PYR_WFM_LB_FLATAMOUNT_Units_OT1_ELEMENT_RATE	WFM_LB_FLATAMOUNT_Units_OT1 Element Rate	
PYR_WFM_LB_FLATAMOUNT_Units_OT1_TIME_FACTOR	WFM_LB_FLATAMOUNT_Units_OT1 Time Factor	
PYR_WFM_LB_FLATAMOUNT_Units_OT1_RATE_AMOUNT	WFM_LB_FLATAMOUNT_Units_OT1 Rate Amount	
PYR_WFM_LB_FLATAMOUNT_Hours_OT1_PAYMENT_RATE	WFM_LB_FLATAMOUNT_Hours_OT1 Payment Rate	
PYR_WFM_LB_FLATAMOUNT_Hours_OT1_ELEMENT_RATE	WFM_LB_FLATAMOUNT_Hours_OT1 Element Rate	
PYR_WFM_LB_FLATAMOUNT_Hours_OT1_TIME_FACTOR	WFM_LB_FLATAMOUNT_Hours_OT1 Time Factor	
PYR_WFM_LB_FLATAMOUNT_Hours_OT1_RATE_AMOUNT	WFM_LB_FLATAMOUNT_Hours_OT1 Rate Amount	
PYR_WFM_LB_FLATRATE_Units_OT1_PAYMENT_RATE	WFM_LB_FLATRATE_Units_OT1 Payment Rate	
PYR_WFM_LB_FLATRATE_Units_OT1_ELEMENT_RATE	WFM_LB_FLATRATE_Units_OT1 Element Rate	
PYR_WFM_LB_FLATRATE_Units_OT1_TIME_FACTOR	WFM_LB_FLATRATE_Units_OT1 Time Factor	
PYR_WFM_LB_FLATRATE_Units_OT1_RATE_AMOUNT	WFM_LB_FLATRATE_Units_OT1 Rate Amount	
PYR_WFM_LB_FLATRATE_Hours_OT1_PAYMENT_RATE	WFM_LB_FLATRATE_Hours_OT1 Payment Rate	
PYR_WFM_LB_FLATRATE_Hours_OT1_ELEMENT_RATE	WFM_LB_FLATRATE_Hours_OT1 Element Rate	
PYR_WFM_LB_FLATRATE_Hours_OT1_TIME_FACTOR	WFM_LB_FLATRATE_Hours_OT1 Time Factor	
PYR_WFM_LB_FLATRATE_Hours_OT1_RATE_AMOUNT	WFM_LB_FLATRATE_Hours_OT1 Rate Amount	
PYR_WFM_LB_FLATAMOUNT_Regular_PAYMENT_RATE	WFM_LB_FLATAMOUNT_Regular Payment Rate	
PYR_BI_UNITS_PAYMENT_RATE	BI_UNITS_PAYMENT_RATE	
PYR_BI_UNITS_TIME_FACTOR	BI_UNITS_TIME_FACTOR	
PYR_BI_UNITS_RATE_AMOUNT	BI_UNITS_RATE_AMOUNT	
PYR_NB_OTL_ELEMENT_RATE_ELEMENT_CDRM_PAYMENT_RATE	NB_OTL_ELEMENT_RATE_ELEMENT_CDRM_PAYMENT_RATE	
PYR_NB_OTL_ELEMENT_RATE_ELEMENT_CDRM_ELEMENT_RATE	NB_OTL_ELEMENT_RATE_ELEMENT_CDRM_ELEMENT_RATE	
PYR_NB_OTL_ELEMENT_RATE_ELEMENT_CDRM_TIME_FACTOR	NB_OTL_ELEMENT_RATE_ELEMENT_CDRM_TIME_FACTOR	
PYR_NB_OTL_ELEMENT_RATE_ELEMENT_CDRM_RATE_AMOUNT	NB_OTL_ELEMENT_RATE_ELEMENT_CDRM_RATE_AMOUNT	
PYR_NB_OTL_LOC_OVERRIDE_ELE_CDRM_PAYMENT_RATE	NB_OTL_LOC_OVERRIDE_ELE_CDRM_PAYMENT_RATE	
PYR_NB_OTL_LOC_OVERRIDE_ELE_CDRM_ELEMENT_RATE	NB_OTL_LOC_OVERRIDE_ELE_CDRM_ELEMENT_RATE	
PYR_NB_OTL_LOC_OVERRIDE_ELE_CDRM_TIME_FACTOR	NB_OTL_LOC_OVERRIDE_ELE_CDRM_TIME_FACTOR	
PYR_NB_OTL_LOC_OVERRIDE_ELE_CDRM_RATE_AMOUNT	NB_OTL_LOC_OVERRIDE_ELE_CDRM_RATE_AMOUNT	
PYR_NB_LOCATION_VALUE_DEFN_CDRM	NB_LOCATION_VALUE_DEFN_CDRM	
GD_NB_LOCATION_VALUE_DEFN_CDRM_CHAR	NB_LOCATION_VALUE_DEFN_CDRM	Varchar
PYR_ORA_OVRD_CHECK_PRINTER	ORA_OVRD_CHECK_PRINTER	
GD_ORA_OVRD_CHECK_PRINTER_NUMB	ORA_OVRD_CHECK_PRINTER	Number
PYR_ORA_PAY_METHOD	ORA_PAY_METHOD	
GD_ORA_PAY_METHOD_NUMB	ORA_PAY_METHOD	Number
PYR_ORA_EXPEDITE	ORA_EXPEDITE	
GD_ORA_EXPEDITE_NUMB	ORA_EXPEDITE	Number
PYR_NB_OTHER_UNITS_US_CDRM_PAYMENT_RATE	NB_OTHER_UNITS_US_CDRM_PAYMENT_RATE	
PYR_NB_OTHER_UNITS_US_CDRM_TIME_FACTOR	NB_OTHER_UNITS_US_CDRM_TIME_FACTOR	
PYR_NB_OTHER_UNITS_US_CDRM_RATE_AMOUNT	NB_OTHER_UNITS_US_CDRM_RATE_AMOUNT	
PYR_WFM_LB_FLATAMOUNT_Regular_ELEMENT_RATE	WFM_LB_FLATAMOUNT_Regular Element Rate	
PYR_WFM_LB_FLATAMOUNT_Regular_TIME_FACTOR	WFM_LB_FLATAMOUNT_Regular Time Factor	
PYR_WFM_LB_FLATAMOUNT_Regular_RATE_AMOUNT	WFM_LB_FLATAMOUNT_Regular Rate Amount	
PYR_WFM_LB_FLATRATE_Regular_PAYMENT_RATE	WFM_LB_FLATRATE_Regular Payment Rate	
PYR_WFM_LB_FLATRATE_Regular_ELEMENT_RATE	WFM_LB_FLATRATE_Regular Element Rate	
PYR_WFM_LB_FLATRATE_Regular_TIME_FACTOR	WFM_LB_FLATRATE_Regular Time Factor	
PYR_WFM_LB_FLATRATE_Regular_RATE_AMOUNT	WFM_LB_FLATRATE_Regular Rate Amount	
PYR_YTL_WFM_LB_Allowance_PAYMENT_RATE	YTL_WFM_LB_Allowance Payment Rate	
PYR_YTL_WFM_LB_Allowance_ELEMENT_RATE	YTL_WFM_LB_Allowance Element Rate	
PYR_YTL_WFM_LB_Allowance_TIME_FACTOR	YTL_WFM_LB_Allowance Time Factor	
ORA_HWM_CLOCK_IN_PROPERTY	Start Property	Varchar
ORA_HWM_CLOCK_OUT_PROPERTY	End Property	Varchar
ORA_HWM_END_OF_SHIFT	End of Shift	Varchar
TimeEventName	Time Event Name	Varchar
PYR_YTL_WFM_LB_Allowance_RATE_AMOUNT	YTL_WFM_LB_Allowance Rate Amount	
PYR_YTL_WFM_LB_Regular_PAYMENT_RATE	YTL_WFM_LB_Regular Payment Rate	
PYR_YTL_WFM_LB_Regular_ELEMENT_RATE	YTL_WFM_LB_Regular Element Rate	
PYR_YTL_WFM_LB_Regular_TIME_FACTOR	YTL_WFM_LB_Regular Time Factor	
PYR_YTL_WFM_LB_Regular_RATE_AMOUNT	YTL_WFM_LB_Regular Rate Amount	
PYR_WFM_LB_Units_OT2_PAYMENT_RATE	WFM_LB_Units_OT2 Payment Rate	
PYR_WFM_LB_Units_OT2_TIME_FACTOR	WFM_LB_Units_OT2 Time Factor	
PYR_WFM_LB_Units_OT2_RATE_AMOUNT	WFM_LB_Units_OT2 Rate Amount	
PYR_WFM_LB_Hours_OT2_PAYMENT_RATE	WFM_LB_Hours_OT2 Payment Rate	
PYR_WFM_LB_Hours_OT2_TIME_FACTOR	WFM_LB_Hours_OT2 Time Factor	
PYR_WFM_LB_Hours_OT2_RATE_AMOUNT	WFM_LB_Hours_OT2 Rate Amount	
PYR_WFM_LB_Regular_PAYMENT_RATE	WFM_LB_Regular Payment Rate	
PYR_WFM_LB_Regular_ELEMENT_RATE	WFM_LB_Regular Element Rate	
PYR_WFM_LB_Regular_TIME_FACTOR	WFM_LB_Regular Time Factor	
PYR_WFM_LB_Regular_RATE_AMOUNT	WFM_LB_Regular Rate Amount	
PYR_CDRM_OTL_LB_PAYMENT_RATE	CDRM_OTL_LB Payment Rate	
PYR_CDRM_OTL_LB_TIME_FACTOR	CDRM_OTL_LB Time Factor	
PYR_CDRM_OTL_LB_RATE_AMOUNT	CDRM_OTL_LB Rate Amount	
PYR_test_PAYMENT_RATE	test Payment Rate	
PYR_test_ELEMENT_RATE	test Element Rate	
PYR_test_TIME_FACTOR	test Time Factor	
PYR_test_RATE_AMOUNT	test Rate Amount	
CANCEL_CONSECUTIVE_DAY	Cancel Consecutive Day	Varchar
PYR_LK_OTL_FLSA_REG_HRS_RD_CDRM_PAYMENT_RATE	LK_OTL_FLSA_REG_HRS_RD_CDRM_PAYMENT_RATE	
PYR_LK_OTL_FLSA_REG_HRS_RD_CDRM_ELEMENT_RATE	LK_OTL_FLSA_REG_HRS_RD_CDRM_ELEMENT_RATE	
PYR_LK_OTL_FLSA_REG_HRS_RD_CDRM_TIME_FACTOR	LK_OTL_FLSA_REG_HRS_RD_CDRM_TIME_FACTOR	
PYR_LK_OTL_FLSA_REG_HRS_RD_CDRM_RATE_AMOUNT	LK_OTL_FLSA_REG_HRS_RD_CDRM_RATE_AMOUNT	
PYR_LK_OTL_FLSA_REG_OU_RD_CDRM_PAYMENT_RATE	LK_OTL_FLSA_REG_OU_RD_CDRM_PAYMENT_RATE	
PYR_LK_OTL_FLSA_REG_OU_RD_CDRM_ELEMENT_RATE	LK_OTL_FLSA_REG_OU_RD_CDRM_ELEMENT_RATE	
PYR_LK_OTL_FLSA_REG_OU_RD_CDRM_TIME_FACTOR	LK_OTL_FLSA_REG_OU_RD_CDRM_TIME_FACTOR	
PYR_LK_OTL_FLSA_REG_OU_RD_CDRM_RATE_AMOUNT	LK_OTL_FLSA_REG_OU_RD_CDRM_RATE_AMOUNT	
PYR_LK_OTL_NON_FLSA_REG_CDRM_PAYMENT_RATE	LK_OTL_NON_FLSA_REG_CDRM_PAYMENT_RATE	
PYR_LK_OTL_NON_FLSA_REG_CDRM_TIME_FACTOR	LK_OTL_NON_FLSA_REG_CDRM_TIME_FACTOR	
PYR_LK_OTL_NON_FLSA_REG_CDRM_RATE_AMOUNT	LK_OTL_NON_FLSA_REG_CDRM_RATE_AMOUNT	
PYR_LK_OTL_FLSA_REG_HRS_CDRM_PAYMENT_RATE	LK_OTL_FLSA_REG_HRS_CDRM_PAYMENT_RATE	
PYR_LK_OTL_FLSA_REG_HRS_CDRM_TIME_FACTOR	LK_OTL_FLSA_REG_HRS_CDRM_TIME_FACTOR	
PYR_LK_OTL_FLSA_REG_HRS_CDRM_RATE_AMOUNT	LK_OTL_FLSA_REG_HRS_CDRM_RATE_AMOUNT	
PYR_LK_OTL_NON_FLSA_RD_CDRM_PAYMENT_RATE	LK_OTL_NON_FLSA_RD_CDRM_PAYMENT_RATE	
PYR_LK_OTL_NON_FLSA_RD_CDRM_ELEMENT_RATE	LK_OTL_NON_FLSA_RD_CDRM_ELEMENT_RATE	
PYR_LK_OTL_NON_FLSA_RD_CDRM_TIME_FACTOR	LK_OTL_NON_FLSA_RD_CDRM_TIME_FACTOR	
PYR_LK_OTL_NON_FLSA_RD_CDRM_RATE_AMOUNT	LK_OTL_NON_FLSA_RD_CDRM_RATE_AMOUNT	
PYR_LK_OTL_FLSA_REG_OU_CDRM_PAYMENT_RATE	LK_OTL_FLSA_REG_OU_CDRM_PAYMENT_RATE	
PYR_LK_OTL_FLSA_REG_OU_CDRM_TIME_FACTOR	LK_OTL_FLSA_REG_OU_CDRM_TIME_FACTOR	
PYR_LK_OTL_FLSA_REG_OU_CDRM_RATE_AMOUNT	LK_OTL_FLSA_REG_OU_CDRM_RATE_AMOUNT	
PYR_LK_OTL_FLSA_OVT_CDRM_PAYMENT_RATE	LK_OTL_FLSA_OVT_CDRM_PAYMENT_RATE	
PYR_LK_OTL_FLSA_OVT_CDRM_TIME_FACTOR	LK_OTL_FLSA_OVT_CDRM_TIME_FACTOR	
PYR_LK_OTL_FLSA_OVT_CDRM_RATE_AMOUNT	LK_OTL_FLSA_OVT_CDRM_RATE_AMOUNT	
PYR_HY_OU_STD_EARN_CDRM_PAYMENT_RATE	HY_OU_STD_EARN_CDRM_PAYMENT_RATE	
PYR_HY_OU_STD_EARN_CDRM_TIME_FACTOR	HY_OU_STD_EARN_CDRM_TIME_FACTOR	
PYR_HY_OU_STD_EARN_CDRM_RATE_AMOUNT	HY_OU_STD_EARN_CDRM_RATE_AMOUNT	
PYR_USBT_PREMIUM_OTL_PAYMENT_RATE	USBT_PREMIUM_OTL_PAYMENT_RATE	
PYR_USBT_PREMIUM_OTL_TIME_FACTOR	USBT_PREMIUM_OTL_TIME_FACTOR	
PYR_ZHRX_US_VIS_OVERTIME_ELMT01_PAYMENT_RATE	ZHRX_US_VIS_OVERTIME_ELMT01 Payment Rate	
PYR_ZHRX_US_VIS_OVERTIME_ELMT01_ELEMENT_RATE	ZHRX_US_VIS_OVERTIME_ELMT01 Element Rate	
PYR_ZHRX_US_VIS_OVERTIME_ELMT01_TIME_FACTOR	ZHRX_US_VIS_OVERTIME_ELMT01 Time Factor	
PYR_ZHRX_US_VIS_OVERTIME_ELMT01_RATE_AMOUNT	ZHRX_US_VIS_OVERTIME_ELMT01 Rate Amount	
PYR_ZHRX_US_VIS_OU_EARNINGS01_PAYMENT_RATE	ZHRX_US_VIS_OU_EARNINGS01 Payment Rate	
PYR_ZHRX_US_VIS_OU_EARNINGS01_ELEMENT_RATE	ZHRX_US_VIS_OU_EARNINGS01 Element Rate	
PYR_ZHRX_US_VIS_OU_EARNINGS01_TIME_FACTOR	ZHRX_US_VIS_OU_EARNINGS01 Time Factor	
PYR_ZHRX_US_VIS_OU_EARNINGS01_RATE_AMOUNT	ZHRX_US_VIS_OU_EARNINGS01 Rate Amount	
PYR_ZHRX_US_VIS_OTL_EARNING01_PAYMENT_RATE	ZHRX_US_VIS_OTL_EARNING01 Payment Rate	
PYR_ZHRX_US_VIS_OTL_EARNING01_TIME_FACTOR	ZHRX_US_VIS_OTL_EARNING01 Time Factor	
PYR_ZHRX_US_VIS_OTL_EARNING01_RATE_AMOUNT	ZHRX_US_VIS_OTL_EARNING01 Rate Amount	
PYR_VK_OTL_Days_Rate_Rdays_25Mar_PAYMENT_RATE	VK_OTL_Days_Rate_Rdays_25Mar Payment Rate	
PYR_VK_OTL_Days_Rate_Rdays_25Mar_ELEMENT_RATE	VK_OTL_Days_Rate_Rdays_25Mar Element Rate	
PYR_VK_OTL_Days_Rate_Rdays_25Mar_TIME_FACTOR	VK_OTL_Days_Rate_Rdays_25Mar Time Factor	
PYR_VK_OTL_Days_Rate_Rdays_25Mar_RATE_AMOUNT	VK_OTL_Days_Rate_Rdays_25Mar Rate Amount	
PYR_VK_OTL_Days_Rate_Rdays_25Mar_STATE	State	
GD_STATE_NUMB	STATE	Number
PYR_VK_OTL_Hours_Rate_25Mar_PAYMENT_RATE	VK_OTL_Hours_Rate_25Mar Payment Rate	
PYR_VK_OTL_Hours_Rate_25Mar_ELEMENT_RATE	VK_OTL_Hours_Rate_25Mar Element Rate	
PYR_VK_OTL_Hours_Rate_25Mar_TIME_FACTOR	VK_OTL_Hours_Rate_25Mar Time Factor	
PYR_VK_OTL_Hours_Rate_25Mar_RATE_AMOUNT	VK_OTL_Hours_Rate_25Mar Rate Amount	
PYR_VK_OTL_Hours_Rate_25Mar_STATE	State	
PYR_VK_OTL_Days_Rate_25Mar_PAYMENT_RATE	VK_OTL_Days_Rate_25Mar Payment Rate	
PYR_VK_OTL_Days_Rate_25Mar_ELEMENT_RATE	VK_OTL_Days_Rate_25Mar Element Rate	
PYR_VK_OTL_Days_Rate_25Mar_TIME_FACTOR	VK_OTL_Days_Rate_25Mar Time Factor	
PYR_VK_OTL_Days_Rate_25Mar_RATE_AMOUNT	VK_OTL_Days_Rate_25Mar Rate Amount	
PYR_VK_OTL_Days_Rate_25Mar_STATE	State	
PYR_VK_OTL_Others_25Mar_PAYMENT_RATE	VK_OTL_Others_25Mar Payment Rate	
PYR_VK_OTL_Others_25Mar_TIME_FACTOR	VK_OTL_Others_25Mar Time Factor	
PYR_VK_OTL_Others_25Mar_RATE_AMOUNT	VK_OTL_Others_25Mar Rate Amount	
PYR_VK_OTL_Others_25Mar_STATE	State	
PYR_VK_OTL_Hours_25Mar_PAYMENT_RATE	VK_OTL_Hours_25Mar Payment Rate	
PYR_VK_OTL_Hours_25Mar_TIME_FACTOR	VK_OTL_Hours_25Mar Time Factor	
PYR_VK_OTL_Hours_25Mar_RATE_AMOUNT	VK_OTL_Hours_25Mar Rate Amount	
PYR_VK_OTL_Hours_25Mar_STATE	State	
PYR_SR_StdElem_TimeCard02_CDRM_PAYMENT_RATE	SR_StdElem_TimeCard02_CDRM Payment Rate	
PYR_SR_StdElem_TimeCard02_CDRM_TIME_FACTOR	SR_StdElem_TimeCard02_CDRM Time Factor	
PYR_SR_StdElem_TimeCard02_CDRM_RATE_AMOUNT	SR_StdElem_TimeCard02_CDRM Rate Amount	
PYR_RRF_WFM_LB_Allowance_PAYMENT_RATE	RRF_WFM_LB_Allowance Payment Rate	
PYR_RRF_WFM_LB_Allowance_ELEMENT_RATE	RRF_WFM_LB_Allowance Element Rate	
PYR_RRF_WFM_LB_Allowance_TIME_FACTOR	RRF_WFM_LB_Allowance Time Factor	
PYR_RRF_WFM_LB_Allowance_RATE_AMOUNT	RRF_WFM_LB_Allowance Rate Amount	
PYR_Rate Amount(ZOTL_Shift_Premium3)	Rate Amount(ZOTL_Shift_Premium3)	
PYR_RRF_WFM_LB_Regular_PAYMENT_RATE	RRF_WFM_LB_Regular Payment Rate	
PYR_RRF_WFM_LB_Regular_ELEMENT_RATE	RRF_WFM_LB_Regular Element Rate	
PYR_RRF_WFM_LB_Regular_TIME_FACTOR	RRF_WFM_LB_Regular Time Factor	
PYR_RRF_WFM_LB_Regular_RATE_AMOUNT	RRF_WFM_LB_Regular Rate Amount	
PYR_Grade_Time_Ele_GBK_PAYMENT_RATE	Grade_Time_Ele_GBK Payment Rate	
PYR_Grade_Time_Ele_GBK_TIME_FACTOR	Grade_Time_Ele_GBK Time Factor	
PYR_Grade_Time_Ele_GBK_RATE_AMOUNT	Grade_Time_Ele_GBK Rate Amount	
PYR_RRF_FR_Overtime_PAYMENT_RATE	RRF_FR_Overtime Payment Rate	
PYR_RRF_FR_Overtime_TIME_FACTOR	RRF_FR_Overtime Time Factor	
PYR_RRF_FR_Overtime_RATE_AMOUNT	RRF_FR_Overtime Rate Amount	
PYR_DDT_TimeCardReg_PAYMENT_RATE	DDT_TimeCardReg Payment Rate	
PYR_DDT_TimeCardReg_ELEMENT_RATE	DDT_TimeCardReg Element Rate	
PYR_DDT_TimeCardReg_TIME_FACTOR	DDT_TimeCardReg Time Factor	
PYR_DDT_TimeCardReg_RATE_AMOUNT	DDT_TimeCardReg Rate Amount	
PYR_RSS_OTL_TC_V04_PAYMENT_RATE	RSS_OTL_TC_V04 Payment Rate	
PYR_RSS_OTL_TC_V04_TIME_FACTOR	RSS_OTL_TC_V04 Time Factor	
PYR_RSS_OTL_TC_V04_RATE_AMOUNT	RSS_OTL_TC_V04 Rate Amount	
PYR_RRF_FR_Regular_PAYMENT_RATE	RRF_FR_Regular Payment Rate	
PYR_RRF_FR_Regular_TIME_FACTOR	RRF_FR_Regular Time Factor	
PYR_RRF_FR_Regular_RATE_AMOUNT	RRF_FR_Regular Rate Amount	
PYR_RRF UK Regular_PAYMENT_RATE	RRF UK Regular Payment Rate	
PYR_RRF UK Regular_TIME_FACTOR	RRF UK Regular Time Factor	
PYR_RRF UK Regular_RATE_AMOUNT	RRF UK Regular Rate Amount	
PYR_CFN_Doubletime_PAYMENT_RATE	CFN_Doubletime_PAYMENT_RATE	
PYR_CFN_Doubletime_TIME_FACTOR	CFN_Doubletime_TIME_FACTOR	
PYR_CFN_Doubletime_RATE_AMOUNT	CFN_Doubletime_RATE_AMOUNT	
PYR_CFN_Doubletime_County	CFN_Doubletime_County	
PYR_CFN_Doubletime_State	CFN_Doubletime_State	
PYR_CFN_Doubletime_City	CFN_Doubletime_City	
PYR_Regular_VK_02_PAYMENT_RATE	Regular_VK_02 Payment Rate	
PYR_Regular_VK_02_TIME_FACTOR	Regular_VK_02 Time Factor	
PYR_Regular_VK_02_RATE_AMOUNT	Regular_VK_02 Rate Amount	
PYR_Regular_VK_01_PAYMENT_RATE	Regular_VK_01 Payment Rate	
PYR_Regular_VK_01_TIME_FACTOR	Regular_VK_01 Time Factor	
PYR_Regular_VK_01_RATE_AMOUNT	Regular_VK_01 Rate Amount	
PYR_DDT_Reg_Jan24_PAYMENT_RATE	DDT_Reg_Jan24 Payment Rate	
PYR_DDT_Reg_Jan24_ELEMENT_RATE	DDT_Reg_Jan24 Element Rate	
PYR_DDT_Reg_Jan24_TIME_FACTOR	DDT_Reg_Jan24 Time Factor	
PYR_DDT_Reg_Jan24_RATE_AMOUNT	DDT_Reg_Jan24 Rate Amount	
PYR_ZBEN_Regular_PAYMENT_RATE	ZBEN_Regular Payment Rate	
PYR_ZBEN_Regular_TIME_FACTOR	ZBEN_Regular Time Factor	
PYR_ZBEN_Regular_RATE_AMOUNT	ZBEN_Regular Rate Amount	
PYR_SS_TL_4thJan_PAYMENT_RATE	SS_TL_4thJan Payment Rate	
PYR_SS_TL_4thJan_ELEMENT_RATE	SS_TL_4thJan Element Rate	
PYR_SS_TL_4thJan_TIME_FACTOR	SS_TL_4thJan Time Factor	
PYR_SS_TL_4thJan_RATE_AMOUNT	SS_TL_4thJan Rate Amount	
PYR_CFN_Overtime_PAYMENT_RATE	CFN_Overtime_PAYMENT_RATE	
PYR_CFN_Overtime_TIME_FACTOR	CFN_Overtime_TIME_FACTOR	
PYR_CFN_Overtime_RATE_AMOUNT	CFN_Overtime_RATE_AMOUNT	
PYR_CFN_Overtime_County	CFN_Overtime_County	
PYR_CFN_Overtime_State	CFN_Overtime_State	
PYR_CFN_Overtime_City	CFN_Overtime_City	
PYR_CFN_Regular_PAYMENT_RATE	CFN_Regular_PAYMENT_RATE	
PYR_CFN_Regular_TIME_FACTOR	CFN_Regular_TIME_FACTOR	
PYR_CFN_Regular_RATE_AMOUNT	CFN_Regular_RATE_AMOUNT	
PYR_NB_OTL_INTL_SRD_DAYS_PAYMENT_RATE	NB_OTL_INTL_SRD_DAYS Payment Rate	
PYR_NB_OTL_INTL_SRD_DAYS_TIME_FACTOR	NB_OTL_INTL_SRD_DAYS Time Factor	
PYR_NB_OTL_INTL_SRD_DAYS_RATE_AMOUNT	NB_OTL_INTL_SRD_DAYS Rate Amount	
PYR_NB_OTL_INTL_SRA_DAYS_PAYMENT_RATE	NB_OTL_INTL_SRA_DAYS Payment Rate	
PYR_NB_OTL_INTL_SRA_DAYS_TIME_FACTOR	NB_OTL_INTL_SRA_DAYS Time Factor	
PYR_NB_OTL_INTL_SRA_DAYS_RATE_AMOUNT	NB_OTL_INTL_SRA_DAYS Rate Amount	
PYR_NB_OTL_FORM_ELE_CDRM_PAYMENT_RATE	NB_OTL_FORM_ELE_CDRM Payment Rate	
PYR_NB_OTL_FORM_ELE_CDRM_ELEMENT_RATE	NB_OTL_FORM_ELE_CDRM Element Rate	
PYR_NB_OTL_FORM_ELE_CDRM_TIME_FACTOR	NB_OTL_FORM_ELE_CDRM Time Factor	
PYR_NB_OTL_FORM_ELE_CDRM_RATE_AMOUNT	NB_OTL_FORM_ELE_CDRM Rate Amount	
PYR_AL_CDRM_OTL_Expedite_PAYMENT_RATE	AL_CDRM_OTL_Expedite Payment Rate	
PYR_AL_CDRM_OTL_Expedite_TIME_FACTOR	AL_CDRM_OTL_Expedite Time Factor	
PYR_AL_CDRM_OTL_Expedite_RATE_AMOUNT	AL_CDRM_OTL_Expedite Rate Amount	
PYR_VS Time Card Hourly_PAYMENT_RATE	VS Time Card Hourly Payment Rate	
PYR_VS Time Card Hourly_ELEMENT_RATE	VS Time Card Hourly Element Rate	
PYR_VS Time Card Hourly_TIME_FACTOR	VS Time Card Hourly Time Factor	
PYR_VS Time Card Hourly_RATE_AMOUNT	VS Time Card Hourly Rate Amount	
PYR_TESCO NIGHT PREMIUM_PAYMENT_RATE	TESCO NIGHT PREMIUM_PAYMENT_RATE	
PYR_TESCO NIGHT PREMIUM_TIME_FACTOR	TESCO NIGHT PREMIUM_TIME_FACTOR	
PYR_TESCO NIGHT PREMIUM_RATE_AMOUNT	TESCO NIGHT PREMIUM_RATE_AMOUNT	
PYR_ZPAY_OTL_CDRM_INTL_PAYMENT_RATE	ZPAY_OTL_CDRM_INTL Payment Rate	
PYR_ZPAY_OTL_CDRM_INTL_ELEMENT_RATE	ZPAY_OTL_CDRM_INTL Element Rate	
PYR_ZPAY_OTL_CDRM_INTL_TIME_FACTOR	ZPAY_OTL_CDRM_INTL Time Factor	
PYR_ZPAY_OTL_CDRM_INTL_RATE_AMOUNT	ZPAY_OTL_CDRM_INTL Rate Amount	
PYR_TESCO BASIC HOURS_PAYMENT_RATE	TESCO BASIC HOURS_PAYMENT_RATE	
PYR_TESCO BASIC HOURS_TIME_FACTOR	TESCO BASIC HOURS_TIME_FACTOR	
PYR_TESCO BASIC HOURS_RATE_AMOUNT	TESCO BASIC HOURS_RATE_AMOUNT	
PYR_TESCO_UK_REGULAR_PAYMENT_RATE	TESCO_UK_REGULAR_PAYMENT_RATE	
PYR_TESCO_UK_REGULAR_TIME_FACTOR	TESCO_UK_REGULAR_TIME_FACTOR	
PYR_TESCO_UK_REGULAR_RATE_AMOUNT	TESCO_UK_REGULAR_RATE_AMOUNT	
PYR_VS_Time_Element_PAYMENT_RATE	VS_Time_Element Payment Rate	
PYR_VS_Time_Element_TIME_FACTOR	VS_Time_Element Time Factor	
PYR_VS_Time_Element_RATE_AMOUNT	VS_Time_Element Rate Amount	
PYR_USBT_PREMIUM_TL_PAYMENT_RATE	USBT_PREMIUM_TL_PAYMENT_RATE	
PYR_USBT_PREMIUM_TL_TIME_FACTOR	USBT_PREMIUM_TL_TIME_FACTOR	
PYR_USBT_PREMIUM_TL_RATE_AMOUNT	USBT_PREMIUM_TL_RATE_AMOUNT	
PYR_USBT_PREMIUM_TL_County	USBT_PREMIUM_TL_County	
PYR_USBT_PREMIUM_TL_State	USBT_PREMIUM_TL_State	
PYR_USBT_PREMIUM_TL_City	USBT_PREMIUM_TL_City	
PYR_TESCO OVERTIME1_PAYMENT_RATE	TESCO OVERTIME1_PAYMENT_RATE	
PYR_TESCO OVERTIME1_TIME_FACTOR	TESCO OVERTIME1_TIME_FACTOR	
PYR_TESCO OVERTIME1_RATE_AMOUNT	TESCO OVERTIME1_RATE_AMOUNT	
PYR_ZPAY2_OTL_INTL_PAYMENT_RATE	ZPAY2_OTL_INTL Payment Rate	
PYR_ZPAY2_OTL_INTL_TIME_FACTOR	ZPAY2_OTL_INTL Time Factor	
PYR_ZPAY2_OTL_INTL_RATE_AMOUNT	ZPAY2_OTL_INTL Rate Amount	
PYR_YTL UK Regular_PAYMENT_RATE	YTL UK Regular Payment Rate	
PYR_YTL UK Regular_TIME_FACTOR	YTL UK Regular Time Factor	
PYR_YTL UK Regular_RATE_AMOUNT	YTL UK Regular Rate Amount	
PYR_TESCO BREAKS_PAYMENT_RATE	TESCO BREAKS_PAYMENT_RATE	
PYR_TESCO BREAKS_TIME_FACTOR	TESCO BREAKS_TIME_FACTOR	
PYR_TESCO BREAKS_RATE_AMOUNT	TESCO BREAKS_RATE_AMOUNT	
PYR_USBT_OVT_TL_PAYMENT_RATE	USBT_OVT_TL_PAYMENT_RATE	
PYR_USBT_OVT_TL_TIME_FACTOR	USBT_OVT_TL_TIME_FACTOR	
PYR_USBT_OVT_TL_RATE_AMOUNT	USBT_OVT_TL_RATE_AMOUNT	
PYR_USBT_OVT_TL_County	USBT_OVT_TL_County	
PYR_USBT_OVT_TL_State	USBT_OVT_TL_State	
PYR_USBT_OVT_TL_City	USBT_OVT_TL_City	
GeolocationException	Geolocation Exception	Varchar
PJC_PROJECT_ROLE_ID	Project Role	Number
PJC_CAPITALIZABLE_FLAG	Capitalizable	Varchar
PJC_CAPITALIZABLE_IDENTIFIER	Capitalizable Obsolete	Varchar
PJC_CONTRACT_FUNDING_SOURCE	Funding Source Obsolete	Varchar
PJC_CONTRACT_ID	Contract	Number
PJC_CONTRACT_NUMBER	Contract Obsolete	Varchar
PJC_EXPEND_ORGANIZATION	Expenditure Organization Obsolete	Varchar
AbsenceType	Absence Management Type	Number
Fields	Fields	
PJC_EXPENDITURE_TYPE_ID	Expenditure Type	Number
PYR_CFN_Regular_County	CFN_Regular_County	
PYR_CFN_Regular_State	CFN_Regular_State	
PYR_CFN_Regular_City	CFN_Regular_City	
PYR_Shift TL_RATE_AMOUNT	Shift TL_RATE_AMOUNT	
PYR_Sow_ZHXT_Units_Default_Rate_PAYMENT_RATE	Sow_ZHXT_Units_Default_Rate Payment Rate	
PYR_Sow_ZHXT_Units_Default_Rate_ELEMENT_RATE	Sow_ZHXT_Units_Default_Rate Element Rate	
PYR_Sow_ZHXT_Units_Default_Rate_TIME_FACTOR	Sow_ZHXT_Units_Default_Rate Time Factor	
PYR_Sow_ZHXT_Units_Default_Rate_RATE_AMOUNT	Sow_ZHXT_Units_Default_Rate Rate Amount	
PYR_Sow_ZHXT_Regular_PAYMENT_RATE	Sow_ZHXT_Regular Payment Rate	
PYR_Sow_ZHXT_Regular_TIME_FACTOR	Sow_ZHXT_Regular Time Factor	
PYR_Sow_ZHXT_Regular_RATE_AMOUNT	Sow_ZHXT_Regular Rate Amount	
PYR_Sow_ZHXT_Units_PAYMENT_RATE	Sow_ZHXT_Units Payment Rate	
PYR_Sow_ZHXT_Units_TIME_FACTOR	Sow_ZHXT_Units Time Factor	
PYR_Sow_ZHXT_Units_RATE_AMOUNT	Sow_ZHXT_Units Rate Amount	
PJC_SYSTEM_LINKAGE_FUNCTION	Expenditure Type Class	Varchar
InputValue	Input Values	Varchar
AbsenceEntryId	Absence Entry ID	Number
ActivityEventTime	Activity Event Time	Timestamp
ActivityType	Activity Type	Varchar
BUSINESS_UNIT	Business Unit	Number
BuildingBlockType	Time Entry Increment	Varchar
Comment	Comment	Varchar
CostSegment	Cost Segment	Varchar
Day	Day	Varchar
ENTERPRISE_ID	Enterprise ID	Number
EstimatedStartDate	Estimated Start Date	Timestamp
GroupTypeId	Group Type	Number
CUSTOM_TIME_ATTRIBUTE_ZXT	Custom_Time_Attribute_ZXT	Varchar
LDG_ID	Legislative Data Group	Number
LayerTimeRecordGroupId	Layer Group	Number
PYR_RD TimeCard_RATE_AMOUNT	RD TimeCard Rate Amount	
PYR_RD TimeCard_TIME_FACTOR	RD TimeCard Time Factor	
PYR_RD TimeCard_ELEMENT_RATE	RD TimeCard Element Rate	
PYR_RD TimeCard_PAYMENT_RATE	RD TimeCard Payment Rate	
PYR_VKP_Regular_RATE_AMOUNT	VKP_Regular Rate Amount	
PYR_VKP_Regular_TIME_FACTOR	VKP_Regular Time Factor	
PYR_VKP_Regular_PAYMENT_RATE	VKP_Regular Payment Rate	
PYR_VK_OTL_Days_STATE	State	
PYR_VK_OTL_Days_RATE_AMOUNT	VK_OTL_Days Rate Amount	
PYR_VK_OTL_Days_TIME_FACTOR	VK_OTL_Days Time Factor	
PYR_VK_OTL_Days_PAYMENT_RATE	VK_OTL_Days Payment Rate	
PYR_ZHXT_EMP_05_RATE_AMOUNT	ZHXT_EMP_05 Rate Amount	
PYR_ZHXT_EMP_05_TIME_FACTOR	ZHXT_EMP_05 Time Factor	
PYR_ZHXT_EMP_05_PAYMENT_RATE	ZHXT_EMP_05 Payment Rate	
PYR_ZXT_Regular_RATE_AMOUNT	ZXT_Regular Rate Amount	
PYR_ZXT_Regular_TIME_FACTOR	ZXT_Regular Time Factor	
PYR_ZXT_Regular_PAYMENT_RATE	ZXT_Regular Payment Rate	
PYR_VK_OTL_Hours_STATE	State	
PYR_VK_OTL_Hours_RATE_AMOUNT	VK_OTL_Hours Rate Amount	
PYR_VK_OTL_Hours_TIME_FACTOR	VK_OTL_Hours Time Factor	
PYR_VK_OTL_Hours_PAYMENT_RATE	VK_OTL_Hours Payment Rate	
PYR_GBK_Time_Elem_RATE_AMOUNT	GBK_Time_Elem Rate Amount	
PYR_GBK_Time_Elem_TIME_FACTOR	GBK_Time_Elem Time Factor	
PYR_GBK_Time_Elem_PAYMENT_RATE	GBK_Time_Elem Payment Rate	
PYR_RIHC_Element1_RATE_AMOUNT	RIHC_Element1 Rate Amount	
PYR_RIHC_Element1_TIME_FACTOR	RIHC_Element1 Time Factor	
PYR_RIHC_Element1_PAYMENT_RATE	RIHC_Element1 Payment Rate	
PYR_VK_OTL_Others_STATE	State	
PYR_VK_OTL_Others_RATE_AMOUNT	VK_OTL_Others Rate Amount	
PYR_VK_OTL_Others_TIME_FACTOR	VK_OTL_Others Time Factor	
PYR_VK_OTL_Others_PAYMENT_RATE	VK_OTL_Others Payment Rate	
PYR_GBK_Time_ValueDef	GBK_Time_ValueDef	
GD_GBK_Time_ValueDef_CHAR	GBK_Time_ValueDef	Varchar
PYR_GBK_TimeElem_ValSet_Loc_RATE_AMOUNT	GBK_TimeElem_ValSet_Loc Rate Amount	
PYR_GBK_TimeElem_ValSet_Loc_TIME_FACTOR	GBK_TimeElem_ValSet_Loc Time Factor	
PYR_GBK_TimeElem_ValSet_Loc_ELEMENT_RATE	GBK_TimeElem_ValSet_Loc Element Rate	
PYR_GBK_TimeElem_ValSet_Loc_PAYMENT_RATE	GBK_TimeElem_ValSet_Loc Payment Rate	
PYR_ZHRX_US_VIS_MINMAX_PAY_OTL_RATE_AMOUNT	ZHRX_US_VIS_MINMAX_PAY_OTL Rate Amount	
PYR_ZHRX_US_VIS_MINMAX_PAY_OTL_TIME_FACTOR	ZHRX_US_VIS_MINMAX_PAY_OTL Time Factor	
PYR_ZHRX_US_VIS_MINMAX_PAY_OTL_ELEMENT_RATE	ZHRX_US_VIS_MINMAX_PAY_OTL Element Rate	
PYR_ZHRX_US_VIS_MINMAX_PAY_OTL_PAYMENT_RATE	ZHRX_US_VIS_MINMAX_PAY_OTL Payment Rate	
CTA_32438395	CTA_32438395	Varchar
PYR_VP3_OTL_Hours_STATE	State	
PYR_VP3_OTL_Hours_RATE_AMOUNT	VP3_OTL_Hours Rate Amount	
PYR_VP3_OTL_Hours_TIME_FACTOR	VP3_OTL_Hours Time Factor	
PYR_VP3_OTL_Hours_ELEMENT_RATE	VP3_OTL_Hours Element Rate	
PYR_VP3_OTL_Hours_PAYMENT_RATE	VP3_OTL_Hours Payment Rate	
PYR_GK_StdReg_TC_20B_RATE_AMOUNT	GK_StdReg_TC_20B Rate Amount	
PYR_GK_StdReg_TC_20B_TIME_FACTOR	GK_StdReg_TC_20B Time Factor	
PYR_GK_StdReg_TC_20B_PAYMENT_RATE	GK_StdReg_TC_20B Payment Rate	
PYR_VK_OTL_Days_Rate_STATE	State	
PYR_VK_OTL_Days_Rate_RATE_AMOUNT	VK_OTL_Days_Rate Rate Amount	
PYR_VK_OTL_Days_Rate_TIME_FACTOR	VK_OTL_Days_Rate Time Factor	
PYR_VK_OTL_Days_Rate_ELEMENT_RATE	VK_OTL_Days_Rate Element Rate	
PYR_VK_OTL_Days_Rate_PAYMENT_RATE	VK_OTL_Days_Rate Payment Rate	
PYR_VK_OTL_Hours_Rate_STATE	State	
PYR_VK_OTL_Hours_Rate_RATE_AMOUNT	VK_OTL_Hours_Rate Rate Amount	
PYR_VK_OTL_Hours_Rate_TIME_FACTOR	VK_OTL_Hours_Rate Time Factor	
PYR_VK_OTL_Hours_Rate_ELEMENT_RATE	VK_OTL_Hours_Rate Element Rate	
PYR_VK_OTL_Hours_Rate_PAYMENT_RATE	VK_OTL_Hours_Rate Payment Rate	
PYR_UNDP_Time_Elem_GBK_RATE_AMOUNT	UNDP_Time_Elem_GBK Rate Amount	
PYR_UNDP_Time_Elem_GBK_TIME_FACTOR	UNDP_Time_Elem_GBK Time Factor	
PYR_UNDP_Time_Elem_GBK_PAYMENT_RATE	UNDP_Time_Elem_GBK Payment Rate	
PYR_AAUS_StdReg_TC_2104C_RATE_AMOUNT	AAUS_StdReg_TC_2104C Rate Amount	
PYR_AAUS_StdReg_TC_2104C_TIME_FACTOR	AAUS_StdReg_TC_2104C Time Factor	
PYR_AAUS_StdReg_TC_2104C_PAYMENT_RATE	AAUS_StdReg_TC_2104C Payment Rate	
PYR_VS CDRM Time Element_RATE_AMOUNT	VS CDRM Time Element Rate Amount	
PYR_VS CDRM Time Element_TIME_FACTOR	VS CDRM Time Element Time Factor	
PYR_VS CDRM Time Element_ELEMENT_RATE	VS CDRM Time Element Element Rate	
PYR_VS CDRM Time Element_PAYMENT_RATE	VS CDRM Time Element Payment Rate	
PYR_VK_OTL_Days_Rate_Rdays_STATE	State	
PYR_VK_OTL_Days_Rate_Rdays_RATE_AMOUNT	VK_OTL_Days_Rate_Rdays Rate Amount	
PYR_VK_OTL_Days_Rate_Rdays_TIME_FACTOR	VK_OTL_Days_Rate_Rdays Time Factor	
PYR_VK_OTL_Days_Rate_Rdays_ELEMENT_RATE	VK_OTL_Days_Rate_Rdays Element Rate	
PYR_VK_OTL_Days_Rate_Rdays_PAYMENT_RATE	VK_OTL_Days_Rate_Rdays Payment Rate	
PYR_GBK_OTL_Elem1_VIS_ST_LDG_RATE_AMOUNT	GBK_OTL_Elem1_VIS_ST_LDG Rate Amount	
PYR_GBK_OTL_Elem1_VIS_ST_LDG_TIME_FACTOR	GBK_OTL_Elem1_VIS_ST_LDG Time Factor	
PYR_GBK_OTL_Elem1_VIS_ST_LDG_PAYMENT_RATE	GBK_OTL_Elem1_VIS_ST_LDG Payment Rate	
PYR_GBK_OTL_Elem2_VIS_ST_LDG_RATE_AMOUNT	GBK_OTL_Elem2_VIS_ST_LDG Rate Amount	
PYR_GBK_OTL_Elem2_VIS_ST_LDG_TIME_FACTOR	GBK_OTL_Elem2_VIS_ST_LDG Time Factor	
PYR_GBK_OTL_Elem2_VIS_ST_LDG_PAYMENT_RATE	GBK_OTL_Elem2_VIS_ST_LDG Payment Rate	
PYR_VK_Supp Earnings_Overtime_Double_STATE	State	
PYR_VK_Supp Earnings_Overtime_Double_HOUR_TYPE	VK_Supp Earnings_Overtime_Double_Hour Type	
GD_HOUR_TYPE_NUMB	HOUR_TYPE	Number
PYR_VK_Supp Earnings_Overtime_Double_RATE_AMOUNT	VK_Supp Earnings_Overtime_Double Rate Amount	
PYR_VK_Supp Earnings_Overtime_Double_TIME_FACTOR	VK_Supp Earnings_Overtime_Double Time Factor	
PYR_VK_Supp Earnings_Overtime_Double_ELEMENT_RATE	VK_Supp Earnings_Overtime_Double Element Rate	
PYR_VK_Supp Earnings_Overtime_Double_PAYMENT_RATE	VK_Supp Earnings_Overtime_Double Payment Rate	
PYR_VK_Supp Earnings_Overtime_Single_STATE	State	
PYR_VK_Supp Earnings_Overtime_Single_HOUR_TYPE	VK_Supp Earnings_Overtime_Single_Hour Type	
PYR_VK_Supp Earnings_Overtime_Single_RATE_AMOUNT	VK_Supp Earnings_Overtime_Single Rate Amount	
PYR_VK_Supp Earnings_Overtime_Single_TIME_FACTOR	VK_Supp Earnings_Overtime_Single Time Factor	
PYR_VK_Supp Earnings_Overtime_Single_ELEMENT_RATE	VK_Supp Earnings_Overtime_Single Element Rate	
PYR_VK_Supp Earnings_Overtime_Single_PAYMENT_RATE	VK_Supp Earnings_Overtime_Single Payment Rate	
PYR_VK_Supp Earnings_Overtime_Triple_STATE	State	
PYR_VK_Supp Earnings_Overtime_Triple_HOUR_TYPE	VK_Supp Earnings_Overtime_Triple_Hour Type	
PYR_VK_Supp Earnings_Overtime_Triple_RATE_AMOUNT	VK_Supp Earnings_Overtime_Triple Rate Amount	
PYR_VK_Supp Earnings_Overtime_Triple_TIME_FACTOR	VK_Supp Earnings_Overtime_Triple Time Factor	
PYR_VK_Supp Earnings_Overtime_Triple_ELEMENT_RATE	VK_Supp Earnings_Overtime_Triple Element Rate	
PYR_VK_Supp Earnings_Overtime_Triple_PAYMENT_RATE	VK_Supp Earnings_Overtime_Triple Payment Rate	
PYR_PM US Pay Adv Regular Hours_RATE_AMOUNT	PM US Pay Adv Regular Hours Rate Amount	
PYR_PM US Pay Adv Regular Hours_TIME_FACTOR	PM US Pay Adv Regular Hours Time Factor	
PYR_PM US Pay Adv Regular Hours_ELEMENT_RATE	PM US Pay Adv Regular Hours Element Rate	
PYR_PM US Pay Adv Regular Hours_PAYMENT_RATE	PM US Pay Adv Regular Hours Payment Rate	
TEST_CUSTOM_ATTRIBUTE	Test_Custom_Attribute	Number
GD_03_CHAR	03	Varchar
GD_02_CHAR	02	Varchar
GD_SUB_ACCOUNT_CHAR	SUB_ACCOUNT	Varchar
GD_DEPARTMENT_CHAR	DEPARTMENT	Varchar
GD_FUTURE1_CHAR	FUTURE1	Varchar
GD_06_CHAR	06	Varchar
GD_04_CHAR	04	Varchar
GD_ACCOUNT_CHAR	ACCOUNT	Varchar
GD_Company_CHAR	Company	Varchar
GD_FUTURE2_CHAR	FUTURE2	Varchar
PYR_RIHC_Job1	RIHC_Job1	
GD_RIHC_Job1_NUMB	RIHC_Job1	Number
AdjReasonOut	Adjustment Reason for Out Time Event	Varchar
AllowException	Allow Exception	Varchar
ClockId	Time Collection Device ID	Varchar
ClockIdIn	Start Time Device ID	Varchar
EndDayPartial	End Day is Partial Absence	Varchar
HeaderMessage	Header Message	Varchar
MassGenRequestId	Process Request ID	Number
SchedTimeIn	Scheduled In Time	Timestamp
SchedTimeOut	Scheduled Out Time	Timestamp
StartGmtOffset	Start GMT Offset	Number
GeofenceError	Geofence Error	Varchar
GeofenceValidationStatus	Geofence Validation Status	Varchar
StartTimeZoneCode	Start TimeZone Code	Varchar
StopTimeZoneCode	Stop TimeZone Code	Varchar
SupplierEventIn	Supplier In Event	Varchar
SupplierEventOut	Supplier Out Event	Varchar
TempBadgeId	Temporary Badge ID	Varchar
EventLocationID	Event Location	Number
GeofenceID	Geofence	Number
AbsenceTypeReasonId	Absence Reason	Number
AllowShiftOvertime	Allow Shift Overtime	Varchar
PremiumShiftCode	Premium Shift Code	Varchar
ShiftDepartmentId	Shift Department	Number
ShiftLocationId	Shift Location	Number
AbsenceDurationInHours	Absence Duration In Hours	Number
DeviceType	Device Type	Varchar
Geolocation	Geolocation	Varchar
CompensatoryTimeExpirationDate	Compensatory Time Expiration Date	
Area1	Area 1	Number
PJC_EXP_ORGANIZATION_ID	Expenditure Organization	Number
PJC_FUNDING_SOURCE_ID	Funding Source	Number
ATTN_TE_ID_IN	In time event or entry identifier associated with an attestation	Number
ATTN_TE_ID_OUT	Out time event or entry identifier associated with an attestation	Number
ELAPSED_DURATION_IN	Elapsed Duration In	Number
ELAPSED_DURATION_OUT	Elapsed Duration Out	Number
QUEST_DURATION	Attestation duration	Number
TIME_EVENT_TYPE	Time event type	Varchar
QUEST_DURATION_IN	Attestation duration for an In event	Number
ShiftCategory	Shift Category	Varchar
ShiftId	Shift Name	Number
ShiftIncentiveAmount	Shift Incentive Amount	Number
ShiftJobFamilyId	Shift Job Family	Number
ShiftJobId	Shift Job	Number
ShiftJobProfileType	Shift Job Profile	Varchar
ShiftPaidBreakDuration	Shift Paid Break Duration	Number
ShiftPositionId	Shift Position	Number
ShiftSkillId	Shift Skill	Number
ShiftReferenceDay	Shift Reference Day	Date
ShiftSchedulingGroup	Shift Scheduling Group	Varchar
ShiftStartTime	Shift Start Time	Timestamp
ShiftStopTime	Shift Stop Time	Timestamp
ShiftTypeId	Shift Extended Type	Number
LayerTimeRecordGroupVersion	Layer Group Version	Number
ORGANIZATION_ID	Department	Number
OrderEntered	Order Entered	Number
PJC_PROJECT_ID	Project	Number
PJC_TASK_ID	Task	Number
PeriodId	Time Card Period	Number
Resource	Person	Number
ResourceType	Person Type	Varchar
AbsenceReason	Absence Type Reason_OBSOLETE	
EndDayDuration	End Day Duration	Number
StartDayDuration	Start Day Duration	Number
ChangeRequestStopTime	Stop Time	Varchar
TimeZoneMarker	Time Zone Marker	Varchar
UnitOfMeasure	Unit Of Measure	Varchar
RefDate	Reference Date	Date
ShiftOrigin	Shift Origin	Varchar
Area2	Area 2	Number
PJC_BILLABLE_FLAG	Billable	Varchar
Area3	Area 3	Number
Area4	Area 4	Number
EXPEDITE	Expedite	Varchar
InternalSource	Entry Source	Varchar
OVERRIDE_CHECK_PRINTER	Override Check Printer	Varchar
OVERRIDE_PAY_METHOD	Override Payment Method	Varchar
Owner	Owner	Varchar
TimeRecRowId	Time Record Row Id	Number
WorkLocationOverride	Work Location Override	Number
WorkLocationUSOverride	Work Location with US Hierarchy Overrides	Number
ClockIdOut	End Time Device ID	Varchar
EndOfBreakdown	End Of Breakdown	Timestamp
Identifier	Identifier	Varchar
Measure	Quantity	Number
PJC_WORK_TYPE_ID	Work Type	Number
SchedMeasure	Scheduled Shift Hours	Number
StartDayPartial	Start Day is Partial Absence	Varchar
StartTime	Start Time	Timestamp
OriginDeviceTime	Device Time	Varchar
OriginDeviceTimeIn	Device In Time	Varchar
OriginDeviceTimeOut	Device Out Time	Varchar
AssignmentWorkLocation	Assignment Work Location	Number
ActualDate	Earned Date	Date
CalculatedDuration	Calculated Duration	Number
CompensatoryTimeAbsencePlan	Compensatory Time Absence Plan	Number
CompensatoryTimeFields	Compensatory Time Fields	
DurationPaid	Duration Paid	Number
PJC_PROJECT_UNIT	Project Unit	Number
BadegId	Badge ID	Varchar
StopGmtOffset	Stop GMT Offset	Number
Source	Source	Varchar
AbsenceTypeEntryId	Absence Type Entry ID	Number
ChangeRequestStartTime	Start Time	Varchar
PayrollTimeType	Payroll Time Type	Varchar
ActivityInId	Activity In Id	Number
ActivityOutId	Activity Out Id	Number
AllowEdit	Allow Edit	Varchar
DEFAULT_PAYROLL_RATE	Default Payroll Rate	Number
ExternalShiftNumber	External Shift Number	Varchar